id,F1,F2,F3,F4,F5,F6,F7,F8,F9,F10,F11,F12,F13,F14,F15,F16,F17,F18,F19,F20,F21,F22,F23,F24,F25,F26,F27,F28,F29,F30,F31,F32,F33
1_01,0.703704,0.684211,2.108878,2.982405,0.8489389999999999,25.011113,0.684211,0.75,2.25,1.06066,0.157895,0.10526300000000001,0.0,0.10526300000000001,0.10526300000000001,0.0,3.894736842,1.263158,2.714286,2.375,1.142857,0.0,0.0,0.0,0.0,1.125,1.4285709999999998,1.285714,0.0,4.3,3.777778,0.0,3.703704
1_03,0.7258060000000001,0.488889,2.319004,3.2795660000000004,0.664773,19.262033,0.488889,0.6,1.8,0.9486829999999999,0.06666699999999999,0.11111099999999999,0.022222,0.11111099999999999,0.13333299999999998,0.0,3.755555556,1.2608700000000002,3.75,3.0,1.25,0.0,0.0,0.06666699999999999,0.083333,1.533333,4.5833330000000005,1.916667,0.416667,4.2,3.913043,4.6,4.6666669999999995
1_05,0.608,0.381579,2.352211,3.3265279999999997,0.557249,16.979058,0.381579,0.28571399999999997,0.571429,0.534522,0.026316000000000003,0.21052600000000002,0.10526300000000001,0.013158000000000001,0.118421,0.0,4.013157895,1.213483,4.588235,3.9,1.1764709999999998,0.1,0.117647,0.1,0.117647,2.15,3.529412,2.5294119999999998,0.0,4.483333,3.4418599999999997,0.0,6.0
1_07,0.627273,0.42028999999999994,2.468644,3.49119,0.584832,18.871786,0.42028999999999994,0.4,1.6,0.8944270000000001,0.057971,0.144928,0.057971,0.028986,0.086957,0.018182,4.0,1.38961,4.3125,3.631579,1.1875,0.157895,0.1875,0.0,0.0,1.5789469999999999,3.875,1.875,0.0,4.370968,3.766667,0.0,5.3770489999999995
1_09,0.5617979999999999,0.5,2.5,3.5355339999999997,0.65674,21.5654,0.5,0.571429,2.285714,1.069045,0.08,0.18,0.04,0.06,0.1,0.0,4.06,1.4,4.1666669999999995,2.272727,1.833333,0.136364,0.25,0.0,0.0,2.045455,3.166667,3.75,0.0,4.342105,3.688889,0.0,6.581817999999999
1_101,0.675978,0.44628100000000004,3.471251,4.909091,0.523172,28.453111,0.44628100000000004,0.583333,8.166667,2.020726,0.115702,0.132231,0.008264,0.066116,0.07438,0.0,3.958677686,1.307692,5.5,4.321429,1.272727,0.14285699999999998,0.181818,0.0,0.0,3.714286,4.181818,4.727273,0.8636360000000001,4.5,4.028846,3.789474,7.402985
1_103,0.7541899999999999,0.577778,4.746929,6.713171000000001,0.5409609999999999,49.918677,0.577778,0.8235290000000001,11.529411999999999,2.40098,0.10370399999999999,0.155556,0.051851999999999995,0.06666699999999999,0.118519,0.011173,3.9037037039999998,1.291971,6.75,5.625,1.2,0.083333,0.1,0.041667,0.05,2.125,2.0,2.55,0.35,4.55,4.235294000000001,3.142857,6.350515000000001
1_105,0.699422,0.479339,3.7283809999999997,5.272727,0.5325439999999999,32.346621999999996,0.479339,0.636364,8.909091,2.110579,0.115702,0.115702,0.041322000000000005,0.033058,0.07438,0.0057799999999999995,3.537190083,1.230769,5.809524,4.357143,1.333333,0.035713999999999996,0.047619,0.0,0.0,1.5,4.095238,2.0,0.23809499999999997,3.848837,3.166667,2.8,6.424779
1_107,0.760736,0.5,3.937004,5.567764,0.5347029999999999,35.452453999999996,0.5,0.631579,7.578947,1.946657,0.096774,0.08064500000000001,0.08064500000000001,0.06451599999999999,0.14516099999999998,0.018405,3.7096774189999997,1.229008,7.75,6.5263160000000005,1.1875,0.157895,0.1875,0.0,0.0,4.631579,4.5625,5.5,0.75,3.794521,3.6590910000000005,3.833333,7.85567
1_109,0.676647,0.575221,4.323736,6.114686,0.566537,45.460491,0.575221,0.631579,7.578947,1.946657,0.106195,0.123894,0.07964600000000001,0.061947,0.141593,0.0,3.946902655,1.208333,4.7083330000000005,3.896552,1.208333,0.068966,0.083333,0.0,0.0,1.4482760000000001,3.583333,1.75,0.333333,4.023256,4.452381,4.25,5.503448000000001
1_11,0.61,0.393443,2.172858,3.072885,0.587044,15.620669,0.393443,0.666667,2.666667,1.154701,0.06557400000000001,0.13114800000000001,0.016393,0.04918,0.06557400000000001,0.0,3.8688524589999997,0.9545450000000001,3.588235,2.772727,1.294118,0.181818,0.235294,0.0,0.0,1.090909,3.588235,1.411765,0.0,4.213115,3.625,0.0,5.803922
1_111,0.726368,0.513514,4.41741,6.247162,0.513576,40.598652,0.506849,0.6,7.2,1.8973669999999998,0.082192,0.164384,0.034247,0.10274000000000001,0.136986,0.014925,3.972972973,1.266234,8.111111,5.84,1.388889,0.0,0.0,0.04,0.055555999999999994,2.44,6.444444,3.388889,0.8888889999999999,4.413793,4.360656,4.0625,6.491525
1_113,0.6309520000000001,0.443396,3.227973,4.565044,0.539509,26.295582,0.443396,0.391304,3.5217389999999997,1.326978,0.084906,0.17924500000000002,0.066038,0.037736,0.103774,0.0,4.377358491,1.347458,5.888889,4.4166669999999995,1.333333,0.083333,0.11111099999999999,0.0,0.0,2.5,6.777778,3.333333,0.22222199999999998,4.598361,4.25,5.25,5.986395
1_115,0.668539,0.638655,4.926348,6.966908999999999,0.572747,60.344912,0.638655,0.7391300000000001,12.565217,2.506513,0.14285699999999998,0.22689099999999998,0.05042,0.05042,0.10084,0.0,4.084033613,1.286822,4.407407,3.71875,1.185185,0.0,0.0,0.03125,0.037037,2.03125,2.518519,2.407407,0.259259,4.323529,4.2307690000000004,3.142857,6.0
1_117,0.765957,0.648148,4.762897,6.735753,0.589791,60.050865,0.648148,1.0,16.0,2.828427,0.148148,0.12963,0.037037,0.064815,0.101852,0.007092,4.148148148,1.306306,10.9,5.190476,2.1,0.23809499999999997,0.5,0.0,0.0,2.904762,4.5,6.1,1.6,4.155556,4.852459,3.875,7.529412
1_119,0.731429,0.632812,5.0625,7.159456,0.560369,60.8856,0.632812,0.807692,16.961538,2.9121759999999997,0.16406199999999999,0.16406199999999999,0.015625,0.101562,0.11718800000000001,0.0,4.140625,1.210526,6.45,4.03125,1.6,0.0625,0.1,0.03125,0.05,1.34375,1.2,2.15,0.45,4.9583330000000005,4.674419,4.222222,6.0
1_121,0.75,0.533333,4.131182,5.8423739999999995,0.547723,39.696039,0.533333,0.857143,15.428571,2.77746,0.15,0.125,0.008333,0.033333,0.041667,0.0,4.208333333,1.3884299999999998,8.0,5.0,1.6,0.291667,0.466667,0.0,0.0,4.8333330000000005,12.0,7.733333,0.6,4.238889,4.017241,4.0,8.356322
1_123,0.703488,0.49586800000000003,3.8569459999999998,5.4545449999999995,0.53699,34.47858,0.49586800000000003,0.727273,11.636364,2.412091,0.132231,0.107438,0.016529,0.024793,0.041322000000000005,0.005814,3.611570248,1.155039,5.7619050000000005,4.84,1.190476,0.28,0.333333,0.0,0.0,3.12,4.47619,3.714286,0.666667,3.3723400000000003,3.602564,3.571429,6.8709679999999995
1_125,0.700637,0.545455,4.045199,5.720776,0.5632,39.900099,0.545455,0.611111,6.722222,1.833333,0.1,0.090909,0.054545,0.1,0.15454500000000002,0.0,3.854545455,1.3157889999999999,5.0,3.928571,1.272727,0.107143,0.136364,0.0,0.0,2.035714,3.181818,2.590909,0.136364,3.9,3.4210529999999997,3.333333,6.350877
1_127,0.701149,0.5,3.905125,5.5226809999999995,0.536944,35.173645,0.5,0.631579,7.578947,1.946657,0.098361,0.106557,0.081967,0.040984,0.122951,0.0,3.786885246,1.2248059999999998,6.2,4.428571,1.4,0.107143,0.15,0.0,0.0,2.5,4.55,3.5,0.0,4.263736,3.8285709999999997,0.0,6.484848
1_129,0.719388,0.546099,4.585283,6.48457,0.527759,44.997895,0.546099,0.766667,17.633333,2.969287,0.16312100000000002,0.12056700000000001,0.021277,0.056738,0.078014,0.0,4.092198582,1.378378,6.7619050000000005,5.259258999999999,1.285714,0.22222199999999998,0.28571399999999997,0.0,0.0,4.370369999999999,4.095238,5.619048,0.0,4.4069769999999995,4.2627120000000005,0.0,7.126436999999999
1_13,0.614458,0.568627,2.871428,4.060812,0.680253,28.976745,0.568627,0.714286,3.571429,1.336306,0.098039,0.156863,0.117647,0.058824,0.17647100000000002,0.0,3.823529412,1.258621,4.636364,3.9230769999999997,1.181818,0.076923,0.090909,0.0,0.0,2.384615,6.4545449999999995,2.818182,0.454545,3.887324,3.741935,4.0,5.915789
1_131,0.748503,0.544,4.300698000000001,6.082105,0.544479,42.190936,0.544,0.551724,8.827586,2.1009029999999997,0.128,0.152,0.032,0.064,0.096,0.0,3.616,1.242424,7.8125,5.952381,1.3125,0.14285699999999998,0.1875,0.07142899999999999,0.09375,4.2380949999999995,4.0,5.5625,1.25,3.890625,4.213483,3.15,8.017094
1_133,0.7630060000000001,0.5,4.062019,5.744562999999999,0.526097,36.5347,0.5,0.5862069999999999,9.965517,2.232209,0.128788,0.143939,0.045455,0.030302999999999997,0.075758,0.0,3.9242424239999996,1.318519,6.947367999999999,5.076923000000001,1.3684209999999999,0.0,0.0,0.0,0.0,1.384615,2.4210529999999997,1.894737,0.263158,4.695652,4.0833330000000005,4.2,6.493151
1_135,0.770588,0.28626,3.27639,4.633515,0.384818,21.499578,0.28626,0.313725,5.019608,1.584236,0.061069000000000005,0.068702,0.019084,0.022900999999999998,0.041985,0.0,4.236641221,1.33209,6.390244,5.24,1.2195120000000002,0.04,0.048780000000000004,0.0,0.0,0.66,3.0243900000000004,0.804878,0.0,4.782258000000001,4.393939,0.0,5.669421
1_137,0.789216,0.447205,4.012403,5.674395,0.48625799999999997,32.789184999999996,0.447205,0.692308,12.461538000000001,2.496151,0.111801,0.124224,0.037267,0.043477999999999996,0.08074500000000001,0.0,3.645962733,1.195122,9.470588000000001,6.44,1.470588,0.12,0.17647100000000002,0.08,0.117647,3.32,4.882353,4.882353,0.235294,3.831325,4.048193,2.75,7.157895
1_139,0.734884,0.462025,4.106571,5.807568,0.492436,34.394434999999994,0.462025,0.740741,14.814815,2.7216549999999997,0.126582,0.139241,0.018987,0.018987,0.037975,0.004651,3.82278481,1.254545,8.777778,5.448276,1.611111,0.241379,0.388889,0.0,0.0,2.827586,6.888889,4.555556,0.555556,4.064516,4.365854,5.2,7.561644
1_141,0.787234,0.621622,5.347391,7.562353,0.536233,62.046141000000006,0.621622,0.8461540000000001,18.615385,3.0508509999999998,0.148649,0.148649,0.087838,0.047297000000000006,0.13513499999999998,0.0,4.195945946,1.4066670000000001,8.277778,5.321429,1.555556,0.035713999999999996,0.055555999999999994,0.035713999999999996,0.055555999999999994,1.9285709999999998,2.555556,3.0,0.722222,3.913043,4.351852,3.384615,6.271186
1_143,0.8684209999999999,0.681818,5.539117,7.833495,0.5650430000000001,76.2733,0.681818,0.9523809999999999,19.047619,3.086067,0.151515,0.19697,0.083333,0.022727,0.10606099999999999,0.006579000000000001,4.325757576,1.363636,12.0,6.947367999999999,1.727273,0.052632000000000005,0.090909,0.0,0.0,1.1052629999999999,1.727273,1.909091,1.272727,4.315789,5.0,4.5,10.25
1_15,0.647541,0.34177199999999996,2.148005,3.037737,0.534967,14.596839000000001,0.34177199999999996,0.5,2.0,1.0,0.050633,0.113924,0.050633,0.063291,0.113924,0.0,4.683544304,1.4125,4.9375,3.4347830000000004,1.4375,0.130435,0.1875,0.0,0.0,1.0434780000000001,7.125,1.5,0.0,5.263158,3.708333,0.0,5.465753
1_17,0.737374,0.5616439999999999,3.3931839999999998,4.798687,0.627054,34.487955,0.5616439999999999,0.833333,4.1666669999999995,1.443376,0.068493,0.287671,0.054795,0.027397,0.082192,0.030302999999999997,4.082191781000001,1.38961,4.933333,3.894737,1.266667,0.263158,0.333333,0.078947,0.1,2.105263,3.1333330000000004,2.666667,0.0,4.765957,4.25,0.0,4.435644
1_19,0.693333,0.6153850000000001,3.137858,4.437602,0.693375,35.691911,0.6153850000000001,0.875,6.125,1.75,0.134615,0.153846,0.05769199999999999,0.076923,0.134615,0.0,3.8461538460000004,1.0943399999999999,4.0,2.6,1.538462,0.05,0.076923,0.0,0.0,1.4,2.769231,2.1538459999999997,0.461538,4.027778,3.75,3.666667,4.536585
1_21,0.684211,0.730769,2.634826,3.726207,0.8330870000000001,39.87709,0.730769,0.75,2.25,1.06066,0.11538499999999999,0.076923,0.038462,0.076923,0.11538499999999999,0.0,3.538461538,1.0,2.888889,2.166667,1.333333,0.0,0.0,0.0,0.0,0.916667,1.888889,1.222222,0.333333,3.529412,4.0,3.333333,4.05
1_23,0.675676,0.8,2.828427,4.0,0.8643860000000001,58.022468,0.8,0.666667,1.333333,0.816497,0.08,0.2,0.0,0.08,0.08,0.0,4.32,1.12,2.777778,2.083333,1.333333,0.0,0.0,0.0,0.0,0.75,2.222222,1.0,0.0,4.65,4.6666669999999995,0.0,3.9375
1_25,0.8235290000000001,0.385714,2.281916,3.227117,0.568318,16.450096,0.385714,0.0,0.0,0.0,0.0,0.171429,0.085714,0.014286000000000002,0.1,0.0,3.714285714,1.323944,5.8333330000000005,5.384615,1.083333,0.0,0.0,0.0,0.0,4.153846,6.5833330000000005,4.5,2.25,4.126582,3.388889,3.407407,5.3333330000000005
1_27,0.85,0.282353,1.840716,2.603165,0.497309,11.52245,0.282353,0.0,0.0,0.0,0.0,0.17647100000000002,0.011765000000000001,0.0,0.011765000000000001,0.0,4.105882353,1.337209,6.538462,6.538462,1.0,0.0,0.0,0.0,0.0,5.076923000000001,7.692308000000001,5.076923000000001,2.769231,4.52,3.7727269999999997,3.5,5.389474
1_29,0.767857,0.7906979999999999,3.666314,5.184951,0.775831,76.393676,0.7906979999999999,1.0,7.0,1.870829,0.16279100000000002,0.348837,0.023256,0.046512,0.069767,0.0,4.046511628,1.25,4.777778,3.583333,1.333333,0.083333,0.11111099999999999,0.0,0.0,2.5,3.4444440000000003,3.333333,0.44444399999999995,4.2258059999999995,4.1,3.75,4.807691999999999
1_31,0.678161,0.559322,3.037896,4.296233999999999,0.656724,30.35603,0.559322,0.466667,3.266667,1.278019,0.118644,0.169492,0.0,0.016949000000000002,0.016949000000000002,0.0,3.762711864,1.254237,4.214286,3.105263,1.357143,0.157895,0.214286,0.0,0.0,2.5789470000000003,4.357143,3.5,1.642857,3.5245900000000003,4.489796,3.7391300000000003,5.054945
1_33,0.8452379999999999,0.591549,3.5245620000000004,4.984483,0.63995,38.38912,0.591549,0.75,4.5,1.5,0.084507,0.225352,0.028169,0.0,0.028169,0.0,3.873239437,1.225352,7.1,6.4545449999999995,1.1,0.0,0.0,0.090909,0.1,6.636364,6.8,7.3,2.7,3.911765,4.109589,3.666667,5.5
1_35,0.8660709999999999,0.47422700000000007,3.302608,4.670592,0.560833,28.345546000000002,0.47422700000000007,1.0,4.0,1.4142139999999999,0.041237,0.154639,0.0,0.010309,0.010309,0.0,3.855670103,1.340206,6.466667,6.466667,1.0,0.0,0.0,0.0,0.0,6.2,5.866667,6.2,3.1333330000000004,4.136364,4.043011,3.680851,5.388889
1_37,0.71028,0.539474,3.325539,4.703023,0.614553,32.237398999999996,0.539474,0.5882350000000001,5.882353,1.7149860000000001,0.131579,0.131579,0.026316000000000003,0.065789,0.09210499999999999,0.0,3.815789474,1.223684,4.222222,3.166667,1.333333,0.166667,0.22222199999999998,0.0,0.0,3.25,3.777778,4.3333330000000005,0.5,4.147059,3.807692,3.666667,5.8852459999999995
1_39,0.744898,0.493151,2.979381,4.213481,0.6050939999999999,26.206648,0.493151,0.470588,3.764706,1.371989,0.109589,0.109589,0.027397,0.054795,0.082192,0.0,3.287671233,1.148649,5.615385,3.842105,1.461538,0.10526300000000001,0.153846,0.0,0.0,7.0,3.8461540000000003,10.230769,1.7692310000000002,3.62,3.240602,3.5217389999999997,7.407407000000001
1_41,0.777778,0.557143,3.296102,4.661392,0.631726,33.103596,0.557143,0.6,1.8,0.9486829999999999,0.042857,0.3,0.0,0.07142899999999999,0.07142899999999999,0.0,3.314285714,1.2,4.375,3.888889,1.125,0.055555999999999994,0.0625,0.0,0.0,1.166667,6.1875,1.3125,2.125,3.4747470000000003,3.7619050000000005,3.3529410000000004,4.947368
1_43,0.722689,0.47674399999999995,3.1262209999999997,4.421144,0.57772,26.857870000000002,0.47674399999999995,0.666667,5.3333330000000005,1.6329930000000001,0.09302300000000001,0.139535,0.0,0.05814,0.05814,0.0,3.38372093,1.1235959999999998,4.777778,3.307692,1.444444,0.076923,0.11111099999999999,0.0,0.0,2.076923,3.888889,3.0,1.111111,3.7,3.462963,3.8,5.222222
1_45,0.659259,0.43820200000000004,2.923174,4.133992,0.5602520000000001,23.468642000000003,0.43820200000000004,0.6,3.6,1.341641,0.067416,0.134831,0.022472,0.022472,0.044944,0.0,3.797752809,1.255319,4.684211,3.4230769999999997,1.3684209999999999,0.076923,0.10526300000000001,0.0,0.0,1.461538,6.157895,2.0,0.578947,3.8547010000000004,3.710526,3.363636,5.465753
1_47,0.698276,0.283951,1.8070509999999997,2.555556,0.502618,11.266183999999999,0.283951,0.3125,1.5625,0.883883,0.061728,0.09876499999999999,0.012346,0.012346,0.024691,0.0,3.5555555560000003,1.259259,5.4,3.681818,1.466667,0.0,0.0,0.0,0.0,1.454545,4.866667,2.1333330000000004,0.4,3.5890410000000004,3.84375,5.0,5.211538
1_49,0.614286,0.569767,3.736215,5.283805999999999,0.60545,38.84509,0.569767,0.555556,5.555556,1.666667,0.116279,0.16279100000000002,0.023256,0.034884,0.05814,0.0,3.988372093,1.2197799999999999,5.375,3.307692,1.625,0.0,0.0,0.09615399999999999,0.15625,2.230769,6.0625,3.625,0.625,3.9793809999999996,4.275862,4.1,6.223776
1_51,0.730263,0.47747700000000004,3.5571269999999995,5.030537000000001,0.54367,30.763403000000004,0.47747700000000004,0.3125,1.5625,0.883883,0.045045,0.225225,0.045045,0.036036,0.081081,0.0,4.243243243,1.413223,6.9375,5.842105,1.1875,0.21052600000000002,0.25,0.10526300000000001,0.125,2.7894740000000002,4.8125,3.3125,2.5,4.376623,4.528302,4.375,7.2285710000000005
1_53,0.779221,0.516667,4.002083,5.6598,0.5435409999999999,37.21287,0.516667,0.357143,1.785714,0.9449110000000001,0.041667,0.183333,0.108333,0.083333,0.191667,0.0,4.016666667,1.244094,8.0,7.058824,1.133333,0.17647100000000002,0.2,0.08823500000000001,0.1,1.705882,4.866667,1.9333330000000002,1.2,3.958904,4.275862,4.0,6.988764
1_55,0.838462,0.6,4.449719,6.292853,0.57631,49.574498999999996,0.59633,0.933333,13.066667,2.5560389999999997,0.12844,0.24770599999999998,0.009174,0.073394,0.082569,0.0,4.381818182,1.394495,7.266667,5.45,1.333333,0.0,0.0,0.0,0.0,1.75,2.8666669999999996,2.333333,1.666667,4.72093,4.114286,3.96,5.342857
1_57,0.792208,0.467213,3.649051,5.160538,0.528085,30.990278999999997,0.467213,0.818182,7.363636,1.9188060000000002,0.07377,0.188525,0.008197,0.032787000000000004,0.040984,0.0,4.114754098,1.427419,11.181818,4.92,2.272727,0.0,0.0,0.0,0.0,1.36,3.0,3.090909,0.181818,4.575758,4.735294000000001,3.5,6.5
1_59,0.704819,0.393162,3.007114,4.252701999999999,0.510653,22.653431,0.393162,0.315789,1.894737,0.9733290000000001,0.05128200000000001,0.153846,0.025641000000000004,0.042735,0.06837599999999999,0.0,3.769230769,1.277311,5.9,4.538462,1.3,0.038462,0.05,0.09615399999999999,0.125,2.615385,6.9,3.4,0.3,3.833333,3.8529410000000004,3.0,5.877301
1_61,0.673077,0.509434,3.708735,5.244944,0.558964,34.0366,0.504762,0.692308,6.2307690000000004,1.765045,0.085714,0.171429,0.019048,0.028571,0.047619,0.0,4.1981132080000005,1.357143,5.5263160000000005,4.2,1.3157889999999999,0.16,0.21052600000000002,0.0,0.0,2.76,9.526316,3.631579,0.8947370000000001,4.4088400000000005,3.869565,3.176471,6.525641
1_63,0.719577,0.48529399999999995,4.001837999999999,5.659453,0.518303,35.026156,0.48529399999999995,0.722222,9.388889,2.166667,0.095588,0.132353,0.029412,0.073529,0.102941,0.0,4.007352941000001,1.328571,6.8,4.121212,1.65,0.0,0.0,0.0,0.0,1.30303,6.4,2.15,0.5,4.648438,4.3953489999999995,3.8,6.214876
1_65,0.680723,0.60177,4.523293,6.396902,0.5726600000000001,50.575132,0.60177,0.764706,9.941175999999999,2.229482,0.11504400000000001,0.185841,0.035398,0.088496,0.123894,0.0,3.902654867,1.230769,5.380952,3.53125,1.52381,0.09375,0.14285699999999998,0.0,0.0,3.15625,5.52381,4.809524,0.428571,4.146552,3.851485,3.777778,8.0
1_67,0.683871,0.5,3.6400550000000003,5.1478150000000005,0.556345,32.809073,0.5,0.714286,7.142857000000001,1.8898220000000001,0.09434,0.198113,0.028301999999999997,0.037736,0.066038,0.0,4.150943396000001,1.361111,5.631579,3.821429,1.473684,0.0,0.0,0.0,0.0,0.678571,3.842105,1.0,0.263158,4.753425,3.947368,4.4,5.324324
1_69,0.797203,0.626087,4.747539,6.714035000000001,0.575348,56.349837,0.622807,1.0,6.0,1.7320509999999998,0.052632000000000005,0.175439,0.078947,0.070175,0.149123,0.0,3.956521739,1.280702,7.125,4.56,1.5625,0.0,0.0,0.0,0.0,1.48,2.875,2.3125,1.0,4.021739,4.0270269999999995,3.3125,5.957447
1_71,0.705882,0.5,3.872983,5.477226,0.539223,34.891357,0.5,0.611111,6.722222,1.833333,0.091667,0.158333,0.016666999999999998,0.041667,0.058333,0.0,4.575,1.447154,5.714286,4.444444,1.285714,0.185185,0.23809499999999997,0.0,0.0,2.407407,3.666667,3.095238,0.380952,5.077922,4.584615,3.5,6.906475
1_73,0.753731,0.633663,4.503024,6.368238,0.597022,54.693598,0.633663,0.9,16.2,2.84605,0.17821800000000002,0.158416,0.039604,0.06930700000000001,0.108911,0.007462999999999999,3.702970297,1.223301,5.722222,4.478261,1.277778,0.086957,0.11111099999999999,0.043477999999999996,0.055555999999999994,2.391304,2.555556,3.055556,0.555556,3.152174,3.981818,3.8,5.394737
1_75,0.7341770000000001,0.534483,4.070499,5.7565550000000005,0.552833,39.226687,0.534483,0.833333,8.333333,2.041241,0.086207,0.12069,0.034483,0.068966,0.103448,0.0,4.267241379,1.362069,6.823529,6.105263,1.1176469999999998,0.10526300000000001,0.117647,0.052632000000000005,0.058824,3.105263,6.411765,3.470588,0.647059,4.091743,4.0,3.7272730000000003,6.356164
1_77,0.678571,0.46087,3.4947169999999996,4.942275,0.534131,29.357557,0.45614,0.666667,6.6666669999999995,1.8257419999999998,0.087719,0.10526300000000001,0.070175,0.026316000000000003,0.096491,0.0,3.730434783,1.282051,5.7,3.9310339999999995,1.45,0.034483,0.05,0.0,0.0,1.37931,4.0,2.0,0.4,3.825,3.7,3.5,5.8048779999999995
1_79,0.707182,0.4375,3.5,4.949747,0.513303,28.277793,0.4375,0.44,4.84,1.555635,0.085938,0.14843800000000001,0.023438,0.03125,0.054688,0.0,3.4375,1.220588,7.1666669999999995,5.16,1.388889,0.08,0.11111099999999999,0.04,0.055555999999999994,3.64,3.388889,5.055556,0.833333,3.557377,3.703297,4.6666669999999995,6.634483
1_81,0.639241,0.50495,3.588347,5.07469,0.564427,32.640308000000005,0.50495,0.666667,5.3333330000000005,1.6329930000000001,0.079208,0.19802,0.009901,0.06930700000000001,0.079208,0.0,4.0594059410000005,1.311927,4.391304,3.4827589999999997,1.2608700000000002,0.068966,0.086957,0.051724,0.065217,2.1034479999999998,5.304348,2.652174,0.130435,4.319672,4.901639,4.0,6.151899
1_83,0.706522,0.48461499999999996,3.9070940000000003,5.525466000000001,0.524242,34.186442,0.48461499999999996,0.68,11.56,2.404163,0.130769,0.11538499999999999,0.023077,0.046154,0.069231,0.0,3.669230769,1.280576,5.4583330000000005,4.2258059999999995,1.291667,0.06451599999999999,0.083333,0.0,0.0,2.354839,3.125,3.041667,0.333333,3.52,3.547945,3.75,7.312977
1_85,0.6845640000000001,0.490196,3.5007,4.950737999999999,0.558825,30.968365999999996,0.490196,0.583333,4.0833330000000005,1.428869,0.068627,0.156863,0.04902,0.068627,0.117647,0.0,3.7941176469999998,1.179245,5.6666669999999995,3.777778,1.5,0.037037,0.055555999999999994,0.0,0.0,1.185185,3.833333,1.7777779999999999,0.8888889999999999,4.188406,4.15625,3.9375,5.387097
1_87,0.714286,0.555556,4.409586,6.236096,0.54604,44.302239,0.552,0.782609,14.086957,2.653955,0.14400000000000002,0.16,0.024,0.055999999999999994,0.08,0.005714,3.7460317460000003,1.272727,7.352941,5.2083330000000005,1.411765,0.041667,0.058824,0.0,0.0,3.125,6.176471,4.411765,0.41176499999999994,3.8285709999999997,3.68,2.714286,6.3741010000000005
1_89,0.739796,0.510204,4.374089,6.185896,0.513744,39.962947,0.503448,0.722222,9.388889,2.166667,0.089655,0.137931,0.041379,0.055172000000000006,0.096552,0.0,3.482993197,1.201342,6.904762,5.8,1.190476,0.16,0.190476,0.0,0.0,3.72,6.380952,4.428571,0.6190479999999999,3.41791,3.7849459999999997,3.5384620000000004,6.686047
1_91,0.736318,0.459459,3.9524199999999996,5.5895660000000005,0.500386,33.028046999999994,0.459459,0.576923,8.653846000000001,2.080126,0.101351,0.128378,0.027027,0.047297000000000006,0.074324,0.0,3.75,1.24183,5.92,4.7741940000000005,1.24,0.06451599999999999,0.08,0.0,0.0,2.451613,5.2,3.04,0.48,3.623077,3.842105,3.916667,6.191781
1_93,0.785714,0.590909,3.9196470000000003,5.543219000000001,0.607669,42.813373,0.590909,0.666667,4.0,1.4142139999999999,0.068182,0.23863600000000001,0.056817999999999994,0.079545,0.136364,0.0,3.5340909089999997,1.2903229999999999,7.5,6.428571,1.166667,0.0,0.0,0.0,0.0,5.142857,4.0,6.0,2.25,3.770833,3.9305559999999997,3.777778,6.148148
1_95,0.706897,0.520325,4.080491,5.770686,0.5410020000000001,38.195676,0.520325,0.647059,7.117647,1.886484,0.089431,0.162602,0.04065,0.04065,0.081301,0.0,4.382113821,1.234848,5.590909,5.125,1.090909,0.041667,0.045455,0.0,0.0,3.333333,5.818182,3.636364,0.681818,4.960938,3.9375,3.666667,6.145455
1_97,0.7022470000000001,0.504,3.9844699999999995,5.6348910000000005,0.534624,36.143366,0.504,0.65,8.45,2.0554799999999998,0.10400000000000001,0.17600000000000002,0.04,0.024,0.064,0.011236,3.968,1.291045,5.952381,5.2083330000000005,1.142857,0.166667,0.190476,0.0625,0.07142899999999999,2.083333,7.619047999999999,2.380952,0.6190479999999999,4.01875,3.54,3.4615379999999996,5.821656
1_99,0.691667,0.566265,3.647907,5.158919999999999,0.609695,37.605497,0.566265,0.782609,14.086957,2.653955,0.216867,0.12048199999999999,0.048193,0.036145,0.084337,0.0,3.469879518,1.1222219999999998,5.6,4.421053,1.266667,0.157895,0.2,0.052632000000000005,0.06666699999999999,2.947368,2.266667,3.733333,0.13333299999999998,3.2647060000000003,4.303571,3.0,6.6666669999999995
2_1,0.789062,0.584158,4.151226,5.870719,0.585345,44.619458,0.584158,0.8,9.6,2.19089,0.11881199999999999,0.13861400000000001,0.059405999999999994,0.079208,0.13861400000000001,0.0,3.7623762380000003,1.294118,5.611111,5.05,1.111111,0.0,0.0,0.0,0.0,0.2,0.277778,0.22222199999999998,0.166667,3.8,4.0,4.0,4.571429
2_10,0.8598129999999999,0.645161,4.399413,6.22171,0.612516,55.184366000000004,0.641304,1.0,15.0,2.738613,0.163043,0.152174,0.054348,0.054348,0.108696,0.0,3.956989247,1.361702,7.75,7.75,1.0,0.0,0.0,0.0,0.0,0.416667,0.416667,0.416667,0.0,4.8,5.2,0.0,4.0
2_11,0.8264459999999999,0.653465,4.643744,6.567245,0.60144,59.5204,0.65,0.9444440000000001,16.055556,2.833333,0.17,0.15,0.02,0.07,0.09,0.008264,3.811881188,1.294118,11.111111,6.6666669999999995,1.666667,0.0,0.0,0.0,0.0,0.866667,1.111111,1.444444,0.44444399999999995,5.1,4.538462,3.75,7.076923
2_12,0.867925,0.673913,4.570701000000001,6.463947,0.620768,62.266574,0.673913,0.8888889999999999,7.111111,1.885618,0.086957,0.195652,0.065217,0.054348,0.119565,0.0,4.076086957,1.2934780000000001,10.222222,7.6666669999999995,1.333333,0.0,0.0,0.0,0.0,0.75,1.333333,1.0,0.22222199999999998,6.8333330000000005,6.222222,7.0,5.8333330000000005
2_13,0.872727,0.645833,4.474465,6.327849,0.607698,56.205314,0.645833,0.642857,5.785714,1.7008400000000001,0.09375,0.229167,0.072917,0.020833,0.09375,0.0,4.364583333,1.385417,10.666667,8.0,1.333333,0.0,0.0,0.0,0.0,0.5,1.333333,0.666667,0.333333,4.8333330000000005,4.1666669999999995,5.3333330000000005,5.75
2_14,0.857143,0.640351,4.834543,6.837076,0.57973,59.580163,0.640351,0.933333,13.066667,2.5560389999999997,0.122807,0.131579,0.087719,0.070175,0.157895,0.0,3.666666667,1.210526,12.666667,6.705882000000001,1.888889,0.0,0.0,0.0,0.0,0.352941,0.666667,0.666667,0.0,4.6666669999999995,5.0,0.0,5.25
2_15,0.8260870000000001,0.6875,4.76314,6.736097,0.616903,67.585714,0.684211,0.818182,14.727273,2.713602,0.189474,0.13684200000000002,0.063158,0.063158,0.126316,0.0,3.760416667,1.242105,9.5,7.307691999999999,1.3,0.153846,0.2,0.0,0.0,1.461538,0.6,1.9,0.0,3.833333,3.5263160000000005,0.0,10.0
2_16,0.830508,0.673469,4.714286,6.667007000000001,0.610576,64.060389,0.673469,1.0,14.0,2.6457509999999997,0.14285699999999998,0.193878,0.030612,0.081633,0.11224500000000001,0.016949000000000002,3.897959184,1.373737,11.0,7.071428999999999,1.555556,0.07142899999999999,0.11111099999999999,0.0,0.0,1.0,1.111111,1.555556,0.44444399999999995,4.2,3.571429,3.75,6.4
2_17,0.830508,0.653061,4.571429,6.464976,0.606092,58.56416899999999,0.653061,0.727273,5.818182,1.7056060000000002,0.081633,0.16326500000000002,0.122449,0.051019999999999996,0.173469,0.0,3.7755102039999997,1.26,11.111111,5.882353,1.888889,0.0,0.0,0.0,0.0,0.17647100000000002,0.555556,0.333333,0.0,4.6,3.666667,0.0,4.0
2_18,0.7611939999999999,0.637255,4.55091,6.4359589999999995,0.596303,55.793409999999994,0.637255,1.0,17.0,2.915476,0.166667,0.117647,0.029412,0.078431,0.10784300000000001,0.0,3.411764706,1.184466,7.285714,5.1,1.4285709999999998,0.05,0.07142899999999999,0.05,0.07142899999999999,2.3,1.5,3.285714,0.5,2.904762,4.152174,3.0,5.898305000000001
2_19,0.666667,0.566038,4.120817,5.827715,0.573728,42.497096,0.566038,0.666667,10.666667,2.309401,0.150943,0.103774,0.018868,0.09434,0.11320799999999999,0.0,4.037735849,1.290909,5.578947,3.785714,1.473684,0.0,0.0,0.0,0.0,3.178571,3.4736839999999995,4.684211,1.1052629999999999,3.924242,4.764044999999999,4.52381,5.675676
2_2,0.655172,0.663158,4.5705,6.463664,0.613256,60.292533,0.663158,0.730769,13.884615,2.634826,0.2,0.13684200000000002,0.021053,0.13684200000000002,0.157895,0.0,3.757894737,1.257426,4.318182,3.5185190000000004,1.227273,0.037037,0.045455,0.0,0.0,0.62963,0.636364,0.772727,0.0,3.571429,6.176471,0.0,4.923076999999999
2_20,0.809524,0.7450979999999999,5.321064,7.525121,0.618637,91.95945999999999,0.7450979999999999,0.866667,11.266667,2.373464,0.127451,0.166667,0.08823500000000001,0.098039,0.186275,0.0,4.2647058819999994,1.413462,7.357142999999999,6.4375,1.142857,0.0,0.0,0.0,0.0,0.25,0.28571399999999997,0.28571399999999997,0.0,5.75,4.5,0.0,4.0
2_21,0.893443,0.733945,5.418284,7.662610000000001,0.605531,89.560168,0.733945,0.782609,14.086957,2.653955,0.165138,0.15596300000000002,0.036697,0.09174299999999999,0.12844,0.008197,3.9633027519999997,1.247706,12.111111,8.384615,1.444444,0.0,0.0,0.11538499999999999,0.166667,9.307692,3.111111,13.444444,1.555556,3.928571,3.9338839999999995,4.0,8.25
2_22,0.875,0.693878,4.857143,6.869037,0.614927,70.28445699999999,0.693878,1.0,12.0,2.44949,0.122449,0.193878,0.030612,0.10204099999999999,0.132653,0.008929000000000001,4.193877551,1.377551,14.0,7.0,2.0,0.0,0.0,0.0,0.0,2.0,3.857143,4.0,4.285714,3.666667,3.892857,3.5,10.181818
2_23,0.878049,0.657407,4.830938,6.831977999999999,0.5917600000000001,62.496793999999994,0.657407,1.0,13.0,2.5495099999999997,0.12037,0.138889,0.074074,0.027777999999999997,0.101852,0.0,3.861111111,1.277778,9.818182,7.2,1.363636,0.0,0.0,0.0,0.0,0.466667,1.0,0.636364,0.272727,4.0,4.428571,4.0,5.777778
2_24,0.731884,0.660194,4.7377839999999996,6.700239,0.599816,61.861183999999994,0.663366,0.8421049999999999,13.473684,2.595543,0.158416,0.148515,0.029702999999999997,0.059405999999999994,0.08910900000000001,0.007245999999999999,3.9514563110000003,1.333333,9.181818,5.611111,1.636364,0.0,0.0,0.0,0.0,0.833333,0.727273,1.363636,0.0,4.625,4.866667,0.0,6.181818
2_25,0.8034680000000001,0.546763,4.558177,6.446236,0.529942,44.817496000000006,0.546763,0.64,10.24,2.262742,0.11510799999999999,0.10791400000000001,0.057553999999999994,0.093525,0.151079,0.0,4.273381295,1.385714,7.722222,4.964286,1.555556,0.0,0.0,0.07142899999999999,0.11111099999999999,2.214286,1.611111,3.4444440000000003,0.5,3.62069,4.806451999999999,3.666667,5.449275
2_26,0.771277,0.62069,5.284982,7.474092999999999,0.539119,61.251128,0.62069,0.8636360000000001,16.409091,2.864358,0.13103399999999998,0.12413800000000001,0.055172000000000006,0.11724100000000001,0.172414,0.005319,4.089655172,1.358108,6.590909,5.370369999999999,1.227273,0.037037,0.045455,0.0,0.0,1.296296,1.681818,1.590909,0.727273,3.459459,4.285714,3.5625,6.28
2_27,0.8963409999999999,0.571429,4.898979,6.928203,0.527229,50.611913,0.571429,0.8695649999999999,17.391304,2.948839,0.136054,0.129252,0.061224,0.054422000000000005,0.115646,0.006097999999999999,4.06122449,1.2380950000000002,12.25,8.647059,1.416667,0.0,0.0,0.0,0.0,0.8235290000000001,1.25,1.166667,1.0,4.0,3.642857,3.416667,6.266667
2_28,0.893491,0.629139,5.466636,7.730989999999999,0.534647,64.562184,0.629139,0.8888889999999999,14.222222,2.666667,0.10595999999999998,0.152318,0.046357999999999996,0.05297999999999999,0.099338,0.0,3.781456954,1.218543,15.1,9.4375,1.6,0.25,0.4,0.09375,0.15,8.0,8.4,12.8,3.0,4.0833330000000005,4.0625,4.266667,8.315789
2_29,0.862275,0.666667,5.656854,8.0,0.548747,74.12746,0.666667,0.9285709999999999,12.071429,2.456769,0.090278,0.243056,0.083333,0.0625,0.145833,0.0,4.541666667,1.475862,16.0,8.470588000000001,1.888889,0.17647100000000002,0.333333,0.08823500000000001,0.166667,7.764705999999999,10.555556,14.666667000000002,6.6666669999999995,4.631579,4.303030000000001,3.9666669999999997,9.428571
2_3,0.859649,0.632653,4.428571,6.262946,0.6014649999999999,53.674065,0.632653,1.0,16.0,2.828427,0.16326500000000002,0.173469,0.091837,0.061224,0.153061,0.0,3.8061224489999996,1.333333,9.0,6.6,1.363636,0.0,0.0,0.0,0.0,0.266667,0.272727,0.363636,0.0,6.3333330000000005,5.25,0.0,4.0
2_30,0.901235,0.575342,4.915728,6.9518889999999995,0.529032,51.236736,0.575342,0.9047620000000001,17.190476,2.931764,0.130137,0.109589,0.041096,0.061644000000000004,0.10274000000000001,0.0,3.849315068,1.191781,14.6,10.428571,1.4,0.28571399999999997,0.4,0.07142899999999999,0.1,6.642857000000001,5.8,9.3,2.5,3.603448,4.129032,3.92,8.125
2_31,0.90625,0.5958899999999999,5.09129,7.200171000000001,0.533222,55.579754,0.5931029999999999,0.8,12.8,2.5298220000000002,0.110345,0.21379299999999998,0.062069000000000006,0.013793000000000001,0.075862,0.00625,4.150684932,1.312925,14.6,12.166667,1.2,0.166667,0.2,0.125,0.15,7.0,7.3,8.4,3.3,4.136986,4.0833330000000005,3.5454550000000005,7.9166669999999995
2_32,0.89441,0.611111,5.18545,7.3333330000000005,0.5382859999999999,58.725728000000004,0.611111,1.0,15.0,2.738613,0.10416700000000001,0.131944,0.090278,0.097222,0.1875,0.037267,4.256944444,1.386207,16.222222,11.230769,1.444444,0.307692,0.44444399999999995,0.0,0.0,4.2307690000000004,4.3333330000000005,6.111111,0.777778,4.461538,4.527273,4.428571,7.28
2_33,0.9027780000000001,0.6,4.8373550000000005,6.841053,0.551266,53.606683,0.6,1.0,18.0,3.0,0.138462,0.16153800000000001,0.046154,0.038462,0.084615,0.006944,4.038461538,1.230769,13.0,9.285714,1.4,0.14285699999999998,0.2,0.0,0.0,5.857143,4.3,8.2,2.1,3.9069769999999995,3.8536589999999995,3.428571,7.9
2_34,0.8979590000000001,0.590909,4.800568,6.789028999999999,0.547074,52.050976,0.590909,0.8636360000000001,16.409091,2.864358,0.143939,0.136364,0.037879,0.06060599999999999,0.098485,0.013605,4.045454545,1.348485,13.2,8.8,1.5,0.13333299999999998,0.2,0.0,0.0,3.5333330000000003,2.5,5.3,1.3,4.48,4.3396230000000005,4.384615,8.111111
2_35,0.8909090000000001,0.591837,5.073943,7.175639,0.531405,54.85658000000001,0.591837,0.92,21.16,3.252691,0.15646300000000002,0.115646,0.040816000000000005,0.081633,0.122449,0.0,4.081632653,1.292517,13.363635999999998,8.647059,1.545455,0.117647,0.181818,0.058824,0.090909,4.411765,1.818182,6.818182000000001,1.272727,3.85,4.3333330000000005,4.5,8.347826
2_36,0.89375,0.636364,5.380943,7.609802,0.544209,64.94856300000001,0.636364,0.772727,13.136364000000002,2.562846,0.118881,0.181818,0.08391599999999999,0.027972000000000004,0.11188800000000002,0.0125,4.146853147,1.306122,13.0,11.916667,1.090909,0.083333,0.090909,0.0,0.0,12.166667,3.9090910000000005,13.272727,2.909091,4.837209,4.150685,4.25,8.707692
2_37,0.8917200000000001,0.5428569999999999,4.541869,6.423172,0.528046,44.291527,0.5428569999999999,0.545455,6.5454550000000005,1.8090680000000001,0.085714,0.178571,0.078571,0.042857,0.121429,0.012739,4.3928571430000005,1.446809,15.666667000000002,10.846153999999999,1.444444,0.076923,0.11111099999999999,0.076923,0.11111099999999999,9.307692,6.6666669999999995,13.444444,1.888889,4.75,4.504132,4.176471,8.461538000000001
2_38,0.8980889999999999,0.5248229999999999,4.406636,6.231923999999999,0.52293,41.455144,0.5248229999999999,0.8636360000000001,16.409091,2.864358,0.134752,0.10638299999999999,0.028369,0.085106,0.113475,0.0,4.2624113480000005,1.404255,14.1,8.8125,1.6,0.1875,0.3,0.0,0.0,5.8125,5.0,9.3,2.3,4.3,4.193548000000001,4.391304,8.969697
2_39,0.847458,0.526667,4.5610669999999995,6.450323,0.514702,42.957904,0.526667,0.730769,13.884615,2.634826,0.126667,0.11333299999999999,0.026667000000000003,0.07333300000000001,0.1,0.0,4.373333333,1.426752,16.666667,8.823528999999999,1.888889,0.470588,0.8888889999999999,0.08823500000000001,0.166667,10.235294,7.0,19.333333,1.333333,4.587301999999999,4.367816,4.5,10.299064999999999
2_4,0.8857139999999999,0.634409,4.32609,6.118015,0.610002,52.7109,0.634409,0.9,8.1,2.012461,0.096774,0.18279600000000001,0.06451599999999999,0.086022,0.150538,0.0,4.064516128999999,1.365591,11.625,7.75,1.5,0.0,0.0,0.0,0.0,1.416667,1.125,2.125,0.5,3.5555559999999997,4.352941,4.0,7.3333330000000005
2_40,0.729282,0.643939,5.231388,7.3983,0.557866,64.692959,0.643939,0.692308,12.461538000000001,2.496151,0.136364,0.159091,0.083333,0.037879,0.12121199999999999,0.005525,3.9090909089999997,1.276119,7.3333330000000005,4.551724,1.611111,0.068966,0.11111099999999999,0.0,0.0,3.3448279999999997,3.388889,5.388889,1.0,3.9508199999999998,4.556701,3.833333,5.907407
2_41,0.780749,0.575342,4.915728,6.9518889999999995,0.529032,51.236736,0.575342,0.703704,13.370370000000001,2.585573,0.130137,0.11643800000000001,0.034247,0.068493,0.10274000000000001,0.0,3.732876712,1.232877,9.125,6.952381,1.3125,0.095238,0.125,0.047619,0.0625,5.095238,3.6875,6.6875,1.9375,3.4576269999999996,3.943925,3.5161290000000003,6.990825999999999
2_42,0.8930819999999999,0.5704229999999999,4.806466,6.797369000000001,0.532028,49.628225,0.5704229999999999,0.833333,12.5,2.5,0.10563399999999999,0.15492999999999998,0.056338,0.056338,0.112676,0.006289,3.88028169,1.2605629999999999,17.75,9.466667,1.875,0.266667,0.5,0.06666699999999999,0.125,8.533333,7.375,16.0,3.125,3.728814,3.9375,3.76,10.0
2_43,0.8633540000000001,0.647887,5.4591959999999995,7.720467999999999,0.547445,67.962025,0.640288,1.0,16.0,2.828427,0.11510799999999999,0.17266199999999998,0.07194199999999999,0.064748,0.136691,0.0,4.218309859,1.28777,17.375,8.176471000000001,2.125,0.294118,0.625,0.0,0.0,12.705882,14.0,27.0,5.0,4.464286,4.180556,4.15,12.173913
2_44,0.860606,0.528169,4.450431,6.29386,0.5227109999999999,42.12942,0.528169,0.8,16.0,2.828427,0.140845,0.140845,0.0070420000000000005,0.042254,0.049296,0.0,4.0281690139999995,1.2068969999999999,15.777778,8.352941,1.888889,0.352941,0.666667,0.08823500000000001,0.166667,14.0,9.666667,26.444444,6.222222,4.103448,3.953782,3.839286,11.152542
2_45,0.817647,0.598592,5.0438220000000005,7.133042,0.537864,55.48728199999999,0.589928,0.666667,8.0,2.0,0.08633099999999999,0.14388499999999999,0.057553999999999994,0.057553999999999994,0.11510799999999999,0.017647,3.915492958,1.214286,13.9,6.95,2.0,0.05,0.1,0.0,0.0,2.8,4.7,5.6,1.6,3.8723400000000003,3.857143,3.875,7.423077
2_46,0.89375,0.573427,4.848762000000001,6.857183999999999,0.531645,50.3771,0.573427,1.0,22.0,3.316625,0.153846,0.13985999999999998,0.048951,0.041957999999999995,0.090909,0.025,3.986013986,1.363636,14.3,11.0,1.3,0.230769,0.3,0.0,0.0,6.0,5.3,7.8,2.2,4.377358,4.641026,4.0454550000000005,8.557377
2_47,0.9,0.6444439999999999,5.294651,7.487767999999999,0.55452,65.48869300000001,0.6444439999999999,0.875,18.375,3.031089,0.155556,0.155556,0.044444,0.037037,0.081481,0.013333000000000001,4.022222222,1.207407,16.875,12.272727,1.375,0.545455,0.75,0.0,0.0,16.0,6.375,22.0,2.25,4.215686,4.102273,3.5,11.4
2_48,0.913333,0.627737,5.19545,7.3474759999999995,0.549033,61.474926,0.627737,0.8636360000000001,16.409091,2.864358,0.138686,0.153285,0.065693,0.051095,0.11678800000000002,0.013333000000000001,4.087591241,1.277372,15.222222,10.538461999999999,1.444444,0.307692,0.44444399999999995,0.076923,0.11111099999999999,10.769231,3.222222,15.555556,1.222222,3.827586,4.078571,3.090909,9.287671000000001
2_49,0.8989360000000001,0.5325439999999999,4.895355,6.923077,0.49937299999999996,46.361813,0.5325439999999999,0.9523809999999999,19.047619,3.086067,0.118343,0.142012,0.047337,0.047337,0.094675,0.0,3.816568047,1.207101,16.9,8.894737,1.9,0.157895,0.3,0.0,0.0,3.7368419999999998,4.0,7.1,3.1,3.65,3.6478870000000003,3.5483870000000004,7.169231
2_5,0.855856,0.631579,4.352858,6.155869999999999,0.606034,52.629267000000006,0.631579,0.857143,5.142857,1.603567,0.063158,0.22105300000000003,0.094737,0.052632000000000005,0.147368,0.0,4.421052632,1.2755100000000001,15.833332999999998,8.636364,1.833333,0.0,0.0,0.0,0.0,1.727273,2.833333,3.166667,0.666667,5.0588239999999995,4.789474,4.75,7.6
2_50,0.7212390000000001,0.503067,4.54156,6.4227360000000004,0.497962,40.778232,0.503067,0.763158,22.131579000000002,3.3265279999999997,0.17791400000000002,0.092025,0.018405,0.06135,0.07975499999999999,0.0,3.6441717789999997,1.220238,7.409091,4.657143,1.590909,0.11428599999999998,0.181818,0.042857,0.068182,4.914286,3.0,7.818182000000001,1.5,3.560606,3.866279,3.69697,7.403727000000001
2_51,0.8702700000000001,0.590062,5.294143,7.487049000000001,0.517777,56.714208,0.590062,1.0,23.0,3.391165,0.14285699999999998,0.149068,0.049689,0.06832300000000001,0.11801199999999999,0.005405,3.99378882,1.273292,13.416667000000002,7.318182000000001,1.833333,0.181818,0.333333,0.045455,0.083333,5.727273,5.0833330000000005,10.5,1.5,3.622951,4.31746,3.666667,8.913043
2_52,0.883333,0.610063,5.43949,7.6926,0.523407,61.094938,0.610063,0.88,19.36,3.11127,0.13836500000000002,0.100629,0.050314,0.075472,0.12578599999999998,0.005556,3.698113208,1.232704,14.454545000000001,9.352941,1.545455,0.0,0.0,0.0,0.0,3.6470589999999996,2.090909,5.636364,1.0,3.608696,4.064516,3.636364,7.714286
2_53,0.893258,0.603774,5.383413,7.613295,0.522221,59.569407999999996,0.603774,0.9047620000000001,17.190476,2.931764,0.119497,0.144654,0.056603999999999995,0.081761,0.13836500000000002,0.0,4.358490566,1.43125,13.333332999999998,8.888889,1.5,0.0,0.0,0.055555999999999994,0.083333,2.777778,2.416667,4.1666669999999995,0.416667,4.965517,4.8,5.0,5.727273
2_54,0.8989360000000001,0.6153850000000001,5.656854,8.0,0.515418,64.096808,0.6153850000000001,0.9523809999999999,19.047619,3.086067,0.118343,0.177515,0.059172,0.053253999999999996,0.112426,0.005319,4.082840237,1.313609,12.071429,8.894737,1.357143,0.052632000000000005,0.07142899999999999,0.052632000000000005,0.07142899999999999,4.263158,2.714286,5.785714,1.142857,4.368421,4.555556,4.5625,7.357142999999999
2_55,0.897849,0.580838,5.307604,7.506085000000001,0.510717,55.574482999999994,0.580838,0.8125,21.125,3.25,0.15568900000000002,0.137725,0.053891999999999995,0.059879999999999996,0.113772,0.021505,4.359281437,1.311377,16.9,13.0,1.3,0.153846,0.2,0.0,0.0,7.153846000000001,6.8,9.3,4.3,4.235294000000001,4.322581,4.186047,10.5
2_56,0.894444,0.602484,5.405599,7.644671000000001,0.520146,59.587607999999996,0.602484,0.933333,13.066667,2.5560389999999997,0.086957,0.173913,0.099379,0.043477999999999996,0.14285699999999998,0.0,3.9378881989999996,1.285714,13.5,9.529411999999999,1.416667,0.0,0.0,0.0,0.0,2.176471,6.25,3.083333,2.583333,4.026667,3.9189190000000003,4.096774,6.2692309999999996
2_57,0.8972969999999999,0.560241,5.104038,7.2182,0.507537,51.156351,0.560241,0.913043,19.173913,3.0962810000000003,0.126506,0.15060199999999999,0.066265,0.042169,0.10843399999999999,0.032432,4.108433735,1.337349,15.090909,9.222222,1.636364,0.11111099999999999,0.181818,0.0,0.0,8.222222,11.363636,13.454545000000001,5.272727,4.12,4.364865,3.7586209999999998,10.636364
2_58,0.8867,0.5,4.743416000000001,6.708203999999999,0.48387399999999997,42.144157,0.5,0.689655,13.793103,2.626129,0.11111099999999999,0.14444400000000002,0.044444,0.044444,0.088889,0.009852,3.9666666669999997,1.2430940000000001,16.454545,9.05,1.818182,0.15,0.272727,0.075,0.136364,7.25,5.5454550000000005,13.181818,2.454545,4.163933999999999,4.22069,3.703704,9.448276
2_59,0.8983049999999999,0.566038,5.046949,7.137464,0.514837,51.330887,0.566038,0.90625,26.28125,3.625,0.18239,0.10691800000000001,0.031447,0.050314,0.081761,0.011299,4.150943396000001,1.3270440000000001,14.454545000000001,8.833333,1.636364,0.277778,0.454545,0.055555999999999994,0.090909,6.8333330000000005,5.090909,11.181818,1.909091,3.892857,3.910569,3.6190480000000003,9.411764999999999
2_6,0.896552,0.596154,4.298927,6.0796,0.583857,47.507919,0.596154,1.0,14.0,2.6457509999999997,0.134615,0.211538,0.0,0.05769199999999999,0.05769199999999999,0.0,3.625,1.153846,9.454545,8.666667,1.090909,0.0,0.0,0.0,0.0,1.416667,0.909091,1.545455,0.818182,3.9,3.8823529999999997,4.0,7.4545449999999995
2_60,0.857143,0.611111,5.5,7.778175,0.5208510000000001,61.85610500000001,0.611111,0.90625,26.28125,3.625,0.17901199999999998,0.11728399999999999,0.030864,0.055555999999999994,0.08642000000000001,0.0,3.8271604939999997,1.2576690000000001,10.866667,8.15,1.333333,0.1,0.13333299999999998,0.0,0.0,2.2,1.533333,2.933333,0.6,4.26087,5.0,4.6666669999999995,7.657143
2_61,0.903409,0.553459,4.934794999999999,6.978853999999999,0.512266,48.888835,0.553459,0.777778,10.888889,2.333333,0.08805,0.18239,0.050314,0.031447,0.081761,0.0,4.396226415,1.419753,17.777778,12.307692,1.444444,0.230769,0.333333,0.11538499999999999,0.166667,19.230769,12.888889,27.777778,5.888889,4.534483,4.368,4.1886790000000005,9.950413000000001
2_62,0.903955,0.6625,5.92558,8.380036,0.5318890000000001,76.202578,0.6625,0.875,18.375,3.031089,0.13125,0.20625,0.075,0.0875,0.1625,0.00565,4.55625,1.360248,16.1,10.0625,1.6,0.375,0.6,0.0625,0.1,15.4375,12.0,24.7,6.6,4.7916669999999995,4.546558999999999,4.242424,10.088235000000001
2_63,0.8688520000000001,0.5220130000000001,4.654408999999999,6.5823279999999995,0.505574,43.334711,0.5220130000000001,0.8,12.8,2.5298220000000002,0.100629,0.144654,0.056603999999999995,0.050314,0.10691800000000001,0.0,4.119496855,1.347826,14.636364000000002,8.05,1.818182,0.05,0.090909,0.05,0.090909,4.75,5.4545449999999995,8.636364,2.454545,4.533333,4.263158,4.259258999999999,7.671641999999999
2_64,0.833333,0.627451,5.487955,7.761139999999999,0.532363,64.485574,0.62,0.857143,15.428571,2.77746,0.12,0.22,0.06,0.046667,0.10666700000000001,0.022222,4.392156863,1.493506,14.0,7.0,2.0,0.0,0.0,0.0,0.0,3.045455,5.4545449999999995,6.090909,2.545455,4.5833330000000005,4.7910449999999996,4.107143,7.017544
2_65,0.852632,0.62963,5.6666669999999995,8.013877,0.524235,66.706131,0.62963,1.0,25.0,3.5355339999999997,0.154321,0.166667,0.055555999999999994,0.037037,0.092593,0.010526,4.185185185,1.331288,16.2,7.714286,2.1,0.14285699999999998,0.3,0.0,0.0,8.523810000000001,8.6,17.9,4.0,4.430233,4.234637,3.9,9.362832000000001
2_66,0.873626,0.6397520000000001,5.739966000000001,8.117536999999999,0.5269699999999999,69.379616,0.63522,1.0,16.0,2.828427,0.100629,0.226415,0.075472,0.06289299999999999,0.13836500000000002,0.021978,4.527950311000001,1.459627,18.0,9.529411999999999,1.888889,0.117647,0.22222199999999998,0.147059,0.277778,8.294118,11.666667,15.666667000000002,6.111111,4.438095,4.808511,3.963636,9.128713000000001
2_67,0.906077,0.606061,5.504819,7.784989,0.517224,61.097519999999996,0.6036590000000001,0.8846149999999999,20.346154000000002,3.189526,0.140244,0.15243900000000002,0.060976,0.054877999999999996,0.115854,0.0,4.375757576,1.353659,16.4,10.25,1.6,0.1875,0.3,0.0625,0.1,10.5625,5.9,16.9,2.0,4.576271,4.514793,3.65,9.785714
2_68,0.725581,0.544872,4.812176999999999,6.805447,0.513162,46.894736,0.544872,0.815789,25.289474,3.555944,0.198718,0.089744,0.012821,0.038462,0.05128200000000001,0.0,3.8717948719999997,1.322981,7.476189999999999,4.485714,1.666667,0.0,0.0,0.042857,0.07142899999999999,1.857143,1.47619,3.095238,0.428571,3.064516,4.323077,3.888889,6.355556
2_69,0.833333,0.645161,5.679618,8.032193,0.533647,69.813378,0.645161,0.864865,27.675676,3.719924,0.206452,0.122581,0.03871,0.077419,0.116129,0.021505,4.187096774,1.3354840000000001,11.071429,6.2,1.785714,0.08,0.14285699999999998,0.04,0.07142899999999999,6.48,2.785714,11.571429,2.214286,4.102564,4.512346,4.16129,9.586207
2_7,0.903509,0.621359,4.459091,6.306107,0.591198,52.43983299999999,0.621359,0.833333,8.333333,2.041241,0.097087,0.22330100000000003,0.058252,0.009709,0.06796100000000001,0.026316000000000003,4.6699029130000005,1.398058,14.714285999999998,9.363636,1.5714290000000002,0.0,0.0,0.0,0.0,1.363636,1.0,2.142857,0.428571,5.428571,4.6,4.0,6.428571
2_70,0.887006,0.566879,5.0225610000000005,7.1029729999999995,0.51682,51.209886,0.566879,0.9545450000000001,20.045455,3.165869,0.133758,0.10828,0.063694,0.070064,0.133758,0.011299,4.324840764,1.382166,15.7,7.85,2.0,0.15,0.3,0.05,0.1,9.65,5.9,19.3,3.2,3.881356,4.455959,4.03125,11.675
2_71,0.896552,0.624204,5.53046,7.821250999999999,0.527911,64.35315600000001,0.621795,0.9047620000000001,17.190476,2.931764,0.121795,0.166667,0.070513,0.070513,0.141026,0.0057469999999999995,4.184713376,1.3205129999999998,17.333333,10.4,1.666667,0.333333,0.555556,0.0,0.0,8.333333,13.888889,13.888889,5.6666669999999995,4.032,4.136,4.078431,11.069767
2_72,0.815789,0.653061,4.571429,6.464976,0.606092,58.56416899999999,0.634409,0.75,6.75,1.8371169999999999,0.096774,0.258065,0.06451599999999999,0.032257999999999995,0.096774,0.0,4.1428571430000005,1.3829790000000002,13.428571,6.266667,2.142857,0.13333299999999998,0.28571399999999997,0.0,0.0,7.133333,9.0,15.285714000000002,2.142857,4.3333330000000005,4.2149529999999995,3.733333,10.237288000000001
2_73,0.878049,0.622222,5.902918,8.347987,0.50739,67.699298,0.622222,0.925926,23.148148000000003,3.4020690000000005,0.138889,0.183333,0.044444,0.055555999999999994,0.1,0.004878,4.066666667,1.335165,16.454545,8.227273,2.0,0.136364,0.272727,0.045455,0.090909,5.818182,3.9090910000000005,11.636364,2.636364,4.744186,4.5,4.482759,9.44
2_74,0.7411760000000001,0.6613760000000001,6.4293059999999995,9.092412,0.506686,81.350572,0.6613760000000001,0.758621,16.689655,2.8887419999999997,0.11640199999999999,0.190476,0.084656,0.058200999999999996,0.14285699999999998,0.0,4.259259258999999,1.286458,7.6,4.52381,1.68,0.047619,0.08,0.059524,0.1,3.0238099999999997,5.12,5.08,1.72,4.546875,4.346457,3.72093,6.976744
2_75,0.8817729999999999,0.636872,6.025087,8.520760000000001,0.510714,71.726253,0.636872,1.0,23.0,3.391165,0.128492,0.20111700000000002,0.055866,0.072626,0.128492,0.004926,4.173184358,1.324022,13.769231,8.136364,1.6923080000000001,0.181818,0.307692,0.090909,0.153846,6.272727,4.846154,10.615385,2.0,4.253968,4.376812,4.0,7.45098
2_76,0.8387100000000001,0.655738,6.2725,8.870655000000001,0.510572,78.358187,0.653846,0.777778,16.333333,2.857738,0.11538499999999999,0.24725300000000003,0.07142899999999999,0.021978,0.093407,0.009217,4.721311475,1.4734040000000002,14.076923,7.625,1.846154,0.0,0.0,0.0,0.0,1.166667,1.9230770000000001,2.1538459999999997,1.461538,5.52,4.714286,5.052632,8.086957
2_77,0.895288,0.575581,5.337722,7.548678999999999,0.505484,55.14853299999999,0.573099,0.916667,20.166667,3.175426,0.128655,0.157895,0.046784,0.052632000000000005,0.099415,0.026177999999999996,4.209302326,1.375723,15.727273,11.533333,1.363636,0.13333299999999998,0.181818,0.0,0.0,0.8,2.818182,1.090909,1.090909,3.903226,3.75,3.416667,12.380952
2_78,0.897059,0.644809,6.167959,8.722811,0.50878,74.828703,0.644809,0.923077,22.153845999999998,3.3282010000000004,0.13114800000000001,0.180328,0.06557400000000001,0.032787000000000004,0.098361,0.014706,4.300546448,1.420765,14.076923,10.166667,1.384615,0.055555999999999994,0.076923,0.083333,0.11538499999999999,4.5,4.2307690000000004,6.2307690000000004,2.692308,4.4545449999999995,4.716049,4.514286,8.027397
2_79,0.92,0.586957,5.629889,7.9618660000000006,0.49797700000000006,59.360077000000004,0.586957,0.8064520000000001,20.16129,3.175003,0.13587,0.14130399999999999,0.048913,0.081522,0.130435,0.005,4.097826087,1.347826,16.727273,11.5,1.454545,0.3125,0.454545,0.125,0.181818,15.4375,5.363636,22.454545,1.545455,3.881356,4.036437,3.470588,10.300885000000001
2_8,0.8584069999999999,0.608247,4.235953,5.990542,0.597292,48.246059,0.608247,0.9,8.1,2.012461,0.092784,0.195876,0.082474,0.07216499999999999,0.154639,0.0,4.257731959,1.39,13.857142999999999,8.818182,1.5714290000000002,0.0,0.0,0.0,0.0,2.181818,3.714286,3.428571,0.714286,4.384615,3.958333,3.2,6.0
2_80,0.894231,0.521277,5.053964,7.147385000000001,0.48242700000000005,46.553267,0.516129,1.0,14.0,2.6457509999999997,0.075269,0.22043000000000001,0.05914,0.032257999999999995,0.09139800000000001,0.024038,4.430851064,1.406417,15.5,9.789474,1.583333,0.157895,0.25,0.052632000000000005,0.083333,5.947368,11.833333,9.416667,5.75,4.964789,4.035398000000001,4.391304,9.027523
2_81,0.876777,0.5675680000000001,5.45869,7.719753999999999,0.493641,55.169711,0.5675680000000001,0.9615379999999999,24.038462,3.466876,0.13513499999999998,0.13513499999999998,0.048649,0.08648600000000001,0.13513499999999998,0.009479000000000001,4.227027027,1.306452,14.230769,7.7083330000000005,1.846154,0.125,0.230769,0.0625,0.11538499999999999,3.458333,6.615385000000001,6.384615,4.692308000000001,4.1046510000000005,4.13253,3.770492,7.0
2_82,0.883495,0.648352,6.184881,8.746742,0.510175,75.774957,0.648352,0.851852,19.592593,3.1299040000000002,0.12637400000000001,0.175824,0.07142899999999999,0.06044,0.131868,0.009709,4.252747253,1.351648,18.2,8.272727,2.2,0.181818,0.4,0.045455,0.1,8.636364,8.0,19.0,4.0,4.2,4.142105,3.6,10.097087
2_83,0.8,0.517442,4.798558,6.786186,0.49377,44.117579,0.517442,0.714286,14.285714000000002,2.672612,0.116279,0.145349,0.046512,0.052326,0.098837,0.013953,4.651162791,1.4916200000000002,11.533333,5.580645,2.066667,0.0,0.0,0.032257999999999995,0.06666699999999999,2.677419,3.8,5.533333,1.466667,5.280702,4.542169,4.409091,6.567568
2_84,0.8944719999999999,0.573034,5.405989,7.645223,0.500119,55.422447999999996,0.573034,0.785714,17.285714000000002,2.939874,0.123596,0.162921,0.067416,0.039326,0.106742,0.01005,4.3033707869999995,1.3370790000000001,13.692307999999999,9.888889,1.384615,0.166667,0.230769,0.0,0.0,12.333333,4.538462,17.076923,1.9230770000000001,4.728814,4.45045,4.36,11.886364
2_85,0.87234,0.634146,5.742439,8.121036,0.523216,68.322934,0.634146,0.833333,16.666667,2.886751,0.121951,0.164634,0.054877999999999996,0.060976,0.115854,0.015957,4.353658537,1.422619,18.222222,8.2,2.222222,0.2,0.44444399999999995,0.0,0.0,8.4,9.0,18.666667,3.5555559999999997,4.555556,4.75,4.40625,10.435897
2_86,0.898551,0.61828,5.962472,8.432209,0.5019359999999999,67.555013,0.61828,0.903226,25.290323,3.556004,0.150538,0.12365599999999999,0.032257999999999995,0.102151,0.134409,0.004831,4.3709677419999995,1.365591,15.5,8.857142999999999,1.75,0.28571399999999997,0.5,0.0,0.0,14.380951999999999,6.0,25.166667,3.25,4.069444,4.562914,4.102564,11.917355
2_87,0.734783,0.445087,4.139546,5.854202,0.476455,33.628399,0.443787,0.766667,17.633333,2.969287,0.136095,0.094675,0.017751,0.04142,0.059172,0.021738999999999998,3.7919075139999996,1.224852,6.76,4.970587999999999,1.36,0.147059,0.2,0.029412,0.04,2.7647060000000003,2.4,3.76,1.08,3.766667,4.308511,3.592593,6.991453
2_88,0.8930819999999999,0.605634,5.103161,7.21696,0.53928,57.080736,0.605634,0.9047620000000001,17.190476,2.931764,0.133803,0.15492999999999998,0.056338,0.056338,0.112676,0.012579,4.485915493,1.352113,14.2,8.352941,1.7,0.17647100000000002,0.3,0.0,0.0,7.823529,5.1,13.3,2.6,4.72549,4.87218,4.384615,8.626866
2_89,0.888325,0.645714,6.040104,8.541997,0.5155569999999999,73.712241,0.645714,0.8695649999999999,17.391304,2.948839,0.11428599999999998,0.171429,0.074286,0.06285700000000001,0.13714300000000001,0.005076,4.194285713999999,1.361582,16.0,10.352941,1.545455,0.5882350000000001,0.909091,0.117647,0.181818,14.941176,6.090909,23.090909,1.272727,4.179104,4.047244,4.642857,11.447154
2_9,0.8240000000000001,0.6504850000000001,4.668111,6.601706,0.5977100000000001,59.311264,0.6504850000000001,0.882353,13.235294,2.572479,0.14563099999999998,0.18446600000000002,0.058252,0.029126,0.087379,0.0,4.242718447,1.25,8.583333,5.722222,1.5,0.0,0.0,0.0,0.0,1.111111,1.916667,1.666667,0.833333,5.0,4.75,3.8,5.444444
2_90,0.913043,0.571429,5.554921,7.855844,0.491346,56.516118000000006,0.571429,0.730769,13.884615,2.634826,0.100529,0.179894,0.06878300000000001,0.058200999999999996,0.12698399999999999,0.004831,4.28042328,1.301587,18.9,11.117647,1.7,0.235294,0.4,0.294118,0.5,17.235294,21.2,29.3,10.3,4.476415,4.580205,4.145631,11.653179
2_91,0.915423,0.570652,5.473503,7.740703,0.49498100000000006,55.702647999999996,0.570652,0.925926,23.148148000000003,3.4020690000000005,0.13587,0.173913,0.027174,0.038043,0.065217,0.0,4.331521738999999,1.413043,18.4,10.823528999999999,1.7,0.235294,0.4,0.058824,0.1,9.294118,9.6,15.8,2.2,4.7604169999999995,4.575949,4.272727,10.875
2_92,0.793103,0.6032609999999999,5.786275,8.183029,0.500891,63.312562,0.6032609999999999,0.9512200000000001,37.097561,4.306830000000001,0.211957,0.119565,0.021738999999999998,0.059783,0.081522,0.0,4.005434783,1.331551,10.222222,5.935484,1.7222220000000001,0.16129000000000002,0.277778,0.0,0.0,6.838710000000001,4.777778,11.777778,1.333333,4.011628,4.240566,3.708333,11.211538000000001
2_93,0.890547,0.527473,5.031766999999999,7.115993,0.48811000000000004,46.987735,0.5195529999999999,0.76,14.44,2.6870060000000002,0.106145,0.20111700000000002,0.039106,0.039106,0.078212,0.039800999999999996,4.395604396,1.458101,19.888889000000002,9.944444,2.0,0.22222199999999998,0.44444399999999995,0.0,0.0,10.944444,22.0,21.888889000000002,12.111111,4.621212,4.4619290000000005,4.4220180000000004,11.023256
2_94,0.923077,0.616667,5.850214,8.273452,0.506426,66.191102,0.616667,0.88,19.36,3.11127,0.122222,0.15,0.083333,0.044444,0.127778,0.015385,4.45,1.383333,16.363636,12.0,1.363636,0.2,0.272727,0.06666699999999999,0.090909,9.266667,6.0,12.636364,2.0,4.803030000000001,4.345324,3.7272730000000003,9.382716
2_95,0.741803,0.607735,5.781472,8.176236,0.504054,64.005225,0.607735,0.793103,18.241379000000002,3.020048,0.127072,0.160221,0.044199,0.049724000000000004,0.093923,0.008197,4.314917127,1.3879780000000002,6.464286,4.309524,1.5,0.095238,0.14285699999999998,0.023809999999999998,0.035713999999999996,1.7380950000000002,2.428571,2.607143,1.0,4.705882,4.739726,4.392857,7.6
2_96,0.910891,0.5217390000000001,5.004346,7.077214,0.48545,46.198316,0.5217390000000001,0.8888889999999999,21.333333,3.2659860000000003,0.130435,0.157609,0.054348,0.032609,0.086957,0.0,4.070652174,1.3135139999999998,20.555556,10.882353,1.888889,0.352941,0.666667,0.0,0.0,10.647059,15.444444,20.111110999999998,7.6666669999999995,4.352518,4.099448000000001,4.101449,12.150943
3_01,0.8970100000000001,0.537037,6.239807,8.824419,0.43695500000000004,57.476547,0.537037,0.809524,27.523809999999997,3.709704,0.125926,0.16296300000000002,0.048148,0.048148,0.096296,0.036545,4.366666667,1.454212,21.0,11.375,1.846154,0.375,0.692308,0.041667,0.076923,9.916667,7.076923,18.307692000000003,5.7692309999999996,4.641304,4.861345,4.413333000000001,12.063492
3_02,0.788644,0.536,5.992662,8.474903999999999,0.446899,55.496153,0.536,0.705882,25.411765,3.5645309999999997,0.14400000000000002,0.12,0.036000000000000004,0.076,0.11199999999999999,0.0,4.0680000000000005,1.2950190000000001,10.416667,6.097561,1.708333,0.048780000000000004,0.083333,0.024390000000000002,0.041667,4.560976,3.041667,7.7916669999999995,0.791667,4.315068,4.358289,3.631579,8.373984
3_03,0.874552,0.565574,6.2469660000000005,8.834545,0.45507700000000006,61.45751,0.565574,0.764706,19.882353,3.152963,0.106557,0.188525,0.086066,0.045082,0.13114800000000001,0.035842,4.672131148,1.4696360000000002,15.5,9.185185,1.6875,0.037037,0.0625,0.0,0.0,1.740741,3.25,2.9375,1.875,5.4807690000000004,4.595745,4.3,8.378378
3_04,0.882143,0.5748989999999999,6.388882,9.035244,0.454928,64.009055,0.5748989999999999,0.805556,23.361110999999998,3.4176830000000002,0.11740899999999999,0.157895,0.072874,0.068826,0.1417,0.025,4.133603239,1.354582,17.785714000000002,10.826087,1.642857,0.130435,0.214286,0.0,0.0,2.173913,2.642857,3.571429,1.214286,4.162162,4.16,3.8823529999999997,8.869565
3_05,0.8909090000000001,0.502041,5.5565739999999995,7.858182000000001,0.44354099999999996,48.483449,0.502041,0.723404,24.595745,3.506832,0.138776,0.11836700000000001,0.05714299999999999,0.06530599999999999,0.122449,0.050908999999999996,4.5551020410000005,1.516,20.583333,11.761905,1.75,0.047619,0.083333,0.07142899999999999,0.125,5.52381,2.583333,9.666667,1.083333,5.83871,5.112069,5.692308000000001,10.736842
3_06,0.88,0.566116,6.227273,8.806694,0.456279,61.379378,0.566116,0.909091,27.272727000000003,3.6927449999999995,0.12396700000000001,0.194215,0.045455,0.049587,0.095041,0.010909,4.409090909,1.3765180000000001,15.125,9.307692,1.625,0.038462,0.0625,0.0,0.0,1.7692310000000002,3.1875,2.875,1.1875,4.7450980000000005,4.608696,4.631579,10.114286
3_07,0.8412700000000001,0.532075,6.124649,8.661561,0.438579,55.996131999999996,0.532075,0.8837209999999999,33.581395,4.097645,0.143396,0.177358,0.041509,0.041509,0.08301900000000001,0.009524,4.369811321,1.348148,14.833332999999998,8.612903,1.7222220000000001,0.06451599999999999,0.11111099999999999,0.0,0.0,0.322581,2.666667,0.555556,0.11111099999999999,5.2291669999999995,5.7,2.5,7.076923
3_08,0.854167,0.554656,6.163921,8.717101,0.451637,59.249673,0.552846,0.8846149999999999,20.346154000000002,3.189526,0.09349600000000001,0.191057,0.077236,0.065041,0.14227599999999999,0.006944,4.534412955,1.442231,16.466667,7.264705999999999,2.266667,0.058824,0.13333299999999998,0.0,0.0,1.588235,2.5333330000000003,3.6,1.7333330000000002,4.4736839999999995,4.3333330000000005,3.9615379999999996,12.666667
3_09,0.85159,0.622951,6.880717,9.730803,0.464001,76.935749,0.618257,0.966667,28.033333000000002,3.7438839999999995,0.120332,0.20332,0.10373399999999999,0.041494,0.145228,0.028269,4.483606557,1.4081629999999998,12.2,7.625,1.6,0.0,0.0,0.0,0.0,0.8125,1.35,1.3,0.6,4.0,4.7307690000000004,3.666667,6.521739
3_10,0.86014,0.5742970000000001,6.407983,9.062257,0.45373800000000003,64.0692,0.569106,0.75,20.25,3.181981,0.10975599999999999,0.162602,0.069106,0.065041,0.13414600000000002,0.0034969999999999997,4.526104418,1.45935,17.571429000000002,7.4545449999999995,2.357143,0.030302999999999997,0.07142899999999999,0.0,0.0,1.272727,2.785714,3.0,2.142857,4.717949,4.6666669999999995,4.566667,7.302326
3_11,0.804805,0.6194029999999999,7.170108,10.140064,0.45050200000000007,78.70809399999999,0.6194029999999999,0.8863639999999999,34.568182,4.157414,0.145522,0.15298499999999998,0.067164,0.08582100000000001,0.15298499999999998,0.009009,4.358208955,1.376384,8.933333,6.090909,1.466667,0.090909,0.13333299999999998,0.045455,0.06666699999999999,2.931818,1.7666669999999998,4.3,0.43333299999999997,4.528302,4.875969,4.7692309999999996,7.017241
3_12,0.898601,0.583658,6.6162160000000005,9.356743,0.450921,67.270204,0.583658,0.96875,30.03125,3.875,0.12062300000000001,0.171206,0.050584,0.058365999999999994,0.108949,0.0034969999999999997,4.194552529,1.350195,15.117647,9.884615,1.529412,0.076923,0.117647,0.0,0.0,1.6923080000000001,2.2352939999999997,2.588235,0.705882,4.131579,4.7954550000000005,3.25,7.818182000000001
3_13,0.8687940000000001,0.530612,5.872801,8.305394999999999,0.448643,53.937684999999995,0.530612,0.8913040000000001,36.543478,4.274545,0.167347,0.126531,0.04898,0.053061000000000004,0.10204099999999999,0.003546,4.167346939,1.332016,14.470588000000001,9.111111,1.588235,0.074074,0.117647,0.0,0.0,1.148148,0.647059,1.8235290000000002,0.235294,4.5454550000000005,3.9354839999999998,3.5,7.461538000000001
3_14,0.8844770000000001,0.567347,6.279380000000001,8.880384,0.454812,61.978141,0.567347,0.827586,19.862069,3.151354,0.097959,0.228571,0.04898,0.040816000000000005,0.089796,0.01444,4.387755102,1.384615,20.583333,9.88,2.083333,0.08,0.166667,0.04,0.083333,3.04,3.75,6.3333330000000005,2.25,5.022222,4.4736839999999995,4.592593,11.137255
3_15,0.901695,0.571429,6.5900360000000004,9.319718,0.444399,65.067447,0.571429,1.0,32.0,4.0,0.120301,0.19172899999999998,0.06015,0.037594,0.09774400000000001,0.016949000000000002,4.210526316,1.3007520000000001,16.625,9.172414,1.8125,0.0,0.0,0.0,0.0,0.482759,1.125,0.875,0.125,4.388889,4.571429,3.5,5.92
3_16,0.874552,0.52459,5.794288,8.194360000000001,0.448129,52.646406999999996,0.52459,0.804348,29.76087,3.8575169999999996,0.15163900000000002,0.122951,0.06557400000000001,0.045082,0.11065599999999999,0.014337,4.180327869,1.285141,17.571429000000002,9.111111,1.9285709999999998,0.074074,0.14285699999999998,0.0,0.0,1.9259259999999998,2.142857,3.714286,1.285714,4.966667,3.692308,4.555556,8.35
3_17,0.86014,0.624,6.976532000000001,9.866306,0.460769,78.010706,0.6178859999999999,0.84375,22.78125,3.375,0.10975599999999999,0.195122,0.073171,0.044715,0.11788599999999999,0.038462,4.5360000000000005,1.388664,15.375,8.482759,1.8125,0.068966,0.125,0.0,0.0,1.3448280000000001,3.4375,2.4375,1.125,5.109091,4.794872,4.222222,7.955556
3_18,0.8807020000000001,0.633466,7.0965169999999995,10.035991000000001,0.461585,81.192396,0.633466,0.9705879999999999,32.029412,4.001837999999999,0.131474,0.187251,0.095618,0.059761,0.155378,0.052632000000000005,4.772908367,1.480159,13.368421,9.769231,1.3684209999999999,0.0,0.0,0.0,0.0,0.384615,2.2105259999999998,0.526316,0.947368,5.785714,5.4,4.8333330000000005,6.645161
3_19,0.828767,0.600823,6.622694,9.365903999999999,0.46122700000000005,70.332541,0.599174,0.942857,31.114286,3.944254,0.136364,0.14876,0.078512,0.078512,0.157025,0.010274,4.5596707819999995,1.464286,13.555556,7.8709679999999995,1.7222220000000001,0.0,0.0,0.0,0.0,0.548387,1.222222,0.9444440000000001,0.611111,6.909091,6.0588239999999995,5.5454550000000005,6.606061
3_20,0.8281790000000001,0.577869,6.38277,9.0266,0.457063,64.42634,0.5726140000000001,0.828571,24.028571,3.466163,0.120332,0.174274,0.058091,0.049793000000000004,0.107884,0.013746000000000001,4.262295082,1.341564,14.294118,7.838710000000001,1.8235290000000002,0.032257999999999995,0.058824,0.0,0.0,1.193548,2.2352939999999997,2.176471,1.470588,4.184211,4.513514,4.24,7.885714
3_21,0.8799020000000001,0.5150680000000001,6.9581919999999995,9.84037,0.395425,59.625876,0.509749,0.833333,29.166666999999997,3.8188129999999996,0.097493,0.16155999999999998,0.064067,0.061280999999999995,0.12534800000000001,0.02451,4.41369863,1.412256,14.958332999999998,9.205128,1.625,0.05128200000000001,0.083333,0.0,0.0,1.25641,2.083333,2.041667,1.041667,4.98,4.265306,4.44,8.0
3_22,0.8919600000000001,0.473239,6.304928,8.916514,0.392343,50.628522,0.473239,0.9148940000000001,39.340426,4.435111,0.121127,0.11830999999999998,0.053521000000000006,0.050704,0.104225,0.015075,4.123943662,1.314607,17.75,9.861111,1.8,0.138889,0.25,0.0,0.0,9.666667,6.8,17.4,5.35,4.4338239999999995,4.272989,4.364486,20.019607999999998
3_23,0.899244,0.54902,7.335116,10.37342,0.403013,67.027925,0.54902,0.8653850000000001,38.942308000000004,4.4126129999999995,0.12605,0.14845899999999998,0.081232,0.033613,0.114846,0.012594,4.1456582630000005,1.3641459999999999,17.9,9.421053,1.9,0.078947,0.15,0.026316000000000003,0.05,2.342105,1.75,4.45,0.25,4.285714,3.977528,4.8,14.578947
3_24,0.8864139999999999,0.48995,6.911592,9.774467,0.381321,56.22446,0.48995,0.814815,35.851852,4.233902,0.110553,0.153266,0.050251,0.045226,0.09547699999999999,0.013363,4.22361809,1.37,14.740741,9.476189999999999,1.555556,0.047619,0.074074,0.0,0.0,1.785714,1.407407,2.777778,0.592593,5.631579,4.906667,4.375,11.627907
3_25,0.90099,0.482192,6.5140519999999995,9.212261,0.390444,52.876596,0.48076899999999995,0.85,28.9,3.8013160000000004,0.093407,0.148352,0.06044,0.046702999999999995,0.107143,0.00495,4.2,1.291209,17.333333,9.578947,1.8095240000000001,0.026316000000000003,0.047619,0.0,0.0,0.973684,3.6190480000000003,1.7619049999999998,1.4285709999999998,4.592105,4.243243,4.466667,8.875
3_26,0.876289,0.554913,7.298744999999999,10.321984,0.40776999999999997,67.710868,0.547059,0.86,36.98,4.3,0.126471,0.18529400000000001,0.061765,0.044118,0.10588199999999999,0.015463999999999999,4.537572254,1.4852940000000001,15.454545000000001,9.189189,1.681818,0.027027,0.045455,0.0,0.0,2.243243,1.318182,3.7727269999999997,0.727273,5.827586,5.216867,5.4375,8.862745
3_27,0.9064040000000001,0.502717,6.819189999999999,9.643792,0.3926,57.168673,0.502717,0.759259,31.12963,3.9452269999999996,0.11141300000000001,0.154891,0.07337,0.040761,0.11413,0.019704,4.258152174,1.409214,16.772727,9.972973,1.681818,0.027027,0.045455,0.0,0.0,1.432432,0.818182,2.409091,0.318182,5.222222,4.849057,5.0,9.416667
3_28,0.8777510000000001,0.560773,7.544436,10.669443,0.402881,70.40933000000001,0.557103,0.948276,52.155172,5.106622,0.153203,0.164345,0.061280999999999995,0.041783,0.10306400000000002,0.012225,4.005524862,1.290859,17.238095,9.526316,1.8095240000000001,0.078947,0.14285699999999998,0.0,0.0,2.2631580000000002,2.761905,4.095238,0.666667,3.672414,4.046512,3.357143,10.436364
3_29,0.8768469999999999,0.5617979999999999,7.495317,10.599979,0.405124,70.237024,0.5617979999999999,0.88,38.72,4.4,0.123596,0.182584,0.081461,0.033708,0.11516900000000001,0.012315000000000001,4.43258427,1.4329610000000002,15.478260999999998,8.476189999999999,1.8260869999999998,0.07142899999999999,0.130435,0.0,0.0,1.595238,1.2608700000000002,2.913043,0.347826,3.9310339999999995,4.462687,5.5,8.208333
3_30,0.887805,0.48626400000000003,6.560055999999999,9.277321,0.391409,53.610613,0.48626400000000003,0.772727,39.409091,4.43898,0.14010999999999998,0.137363,0.049451,0.043956,0.093407,0.012195000000000001,4.137362637,1.2939559999999999,14.56,8.272727,1.76,0.068182,0.12,0.0,0.0,1.909091,1.92,3.36,0.68,4.125,4.154762,3.823529,10.521739
3_31,0.888601,0.553623,7.2712460000000005,10.283094,0.407955,67.31043100000001,0.553936,0.9285709999999999,48.285714,4.913538,0.151603,0.157434,0.06705499999999999,0.049563,0.116618,0.023316,4.588405797,1.526163,16.380952,9.555556,1.714286,0.0,0.0,0.0,0.0,0.9444440000000001,2.428571,1.619048,1.380952,5.019608,5.5,3.5517239999999997,7.72093
3_32,0.8994969999999999,0.473538,6.344344,8.972257,0.39105300000000004,50.905634,0.472067,0.660377,23.113208,3.3995010000000003,0.09776499999999999,0.187151,0.055866,0.019553,0.075419,0.025126,4.417827298,1.34349,17.9,10.228571,1.75,0.0,0.0,0.0,0.0,0.914286,1.9,1.6,0.55,5.052632,4.5625,4.363636,6.258065
3_33,0.8975,0.5766020000000001,7.7251710000000005,10.925042,0.406047,74.513217,0.5766020000000001,0.960784,47.078431,4.851723000000001,0.13649,0.17827300000000001,0.047354,0.05571,0.10306400000000002,0.0175,4.353760446,1.417827,14.36,8.756098,1.64,0.024390000000000002,0.04,0.0,0.0,1.439024,2.12,2.36,1.4,5.150943,4.644068,4.6,11.842105
3_34,0.8925,0.537604,7.202696,10.18615,0.400715,64.380634,0.5378149999999999,0.836735,34.306121999999995,4.141625,0.114846,0.159664,0.084034,0.064426,0.14845899999999998,0.0125,4.384401114,1.4329610000000002,16.272727,9.421053,1.727273,0.0,0.0,0.0,0.0,0.526316,1.545455,0.909091,0.454545,4.676471,4.4,3.7,5.307691999999999
3_35,0.888337,0.5474859999999999,7.324864,10.358922,0.40245,66.716608,0.5474859999999999,0.8214290000000001,37.785714,4.346591,0.128492,0.145251,0.078212,0.044693000000000004,0.122905,0.039702,4.340782123,1.3822709999999998,17.95,9.447367999999999,1.9,0.052632000000000005,0.1,0.0,0.0,3.631579,3.1,6.9,1.15,4.983871,4.5434779999999995,4.434783,12.761905
3_36,0.8822120000000001,0.52861,7.160671000000001,10.126717999999999,0.396712,62.799983,0.52861,0.711864,29.898305,3.8664129999999997,0.11444100000000001,0.16348800000000002,0.046322,0.054496,0.10081699999999999,0.021634999999999998,4.48773842,1.422872,18.5,9.487179,1.95,0.10256400000000002,0.2,0.0,0.0,2.461538,1.9,4.8,0.0,4.236842,4.4583330000000005,0.0,12.530612
3_37,0.895782,0.531856,7.1455,10.105263,0.39920900000000004,63.159662,0.531856,0.872727,41.890909,4.57662,0.132964,0.132964,0.060941999999999996,0.052632000000000005,0.11357300000000001,0.022333000000000002,4.3850415510000005,1.400552,14.44,9.25641,1.56,0.05128200000000001,0.08,0.0,0.0,1.435897,0.52,2.24,0.36,5.461538,5.0,6.6666669999999995,9.352941
3_38,0.897019,0.55287,7.112497,10.058589999999999,0.4131,66.06614,0.55287,0.8125,31.6875,3.9804209999999998,0.117825,0.18731099999999998,0.07855,0.045317,0.123867,0.059621,4.595166163,1.503012,18.444444,10.375,1.7777779999999999,0.125,0.22222199999999998,0.03125,0.055555999999999994,8.40625,4.3333330000000005,14.944444,3.5,4.935897,4.579926,4.31746,15.614457999999999
3_39,0.9086290000000001,0.544693,7.287491999999999,10.30607,0.40206,66.02678900000001,0.544693,0.959184,45.081633000000004,4.747717,0.13128499999999999,0.145251,0.058659,0.058659,0.117318,0.007614,4.226256983,1.324022,15.565217,9.944444,1.565217,0.138889,0.21739099999999997,0.0,0.0,3.5,3.217391,5.478261,0.956522,4.297297,4.1666669999999995,3.681818,10.987013000000001
3_40,0.9205129999999999,0.49582200000000004,6.642900999999999,9.394480999999999,0.394554,55.21813,0.49582200000000004,0.836066,42.639344,4.617323000000001,0.142061,0.11420599999999999,0.036212,0.069638,0.10585,0.010256,4.587743733,1.505556,17.142857,12.413793,1.380952,0.172414,0.23809499999999997,0.034483,0.047619,6.413793,3.095238,8.857142999999999,0.6190479999999999,5.1384620000000005,4.983871,4.692308000000001,10.911392
3_41,0.9081799999999999,0.48345600000000005,7.973358999999999,11.276032,0.344666,61.63236800000001,0.48345600000000005,0.84375,45.5625,4.772971,0.09926499999999999,0.163603,0.073529,0.038603,0.112132,0.020033000000000002,4.415441176,1.415751,18.2,10.5,1.7333330000000002,0.05769199999999999,0.1,0.0,0.0,1.384615,1.466667,2.4,0.8,4.181818,4.222222,4.1666669999999995,10.7
3_42,0.88986,0.499018,7.960857000000001,11.258352,0.354092,63.638589,0.499018,0.815385,43.215385,4.648408,0.104126,0.194499,0.07269199999999999,0.037328,0.11002,0.017483000000000002,4.485265226,1.3829790000000002,17.862069,10.156863000000001,1.758621,0.019608,0.034483,0.0,0.0,0.764706,1.655172,1.3448280000000001,0.344828,4.1458330000000005,4.2307690000000004,5.0,7.688889
3_43,0.924731,0.45930200000000004,7.3774880000000005,10.433342999999999,0.347283,55.441515,0.45930200000000004,0.821918,49.315068,4.965635,0.116279,0.12209300000000001,0.07170499999999999,0.040698000000000005,0.112403,0.023297,4.2558139530000005,1.405039,19.111110999999998,12.285714,1.555556,0.047619,0.074074,0.0,0.0,1.9047619999999998,1.592593,2.9629630000000002,0.148148,4.3953489999999995,4.55,4.0,9.045455
3_44,0.888502,0.502935,8.039105000000001,11.369011,0.354148,64.6358,0.501961,0.746269,37.313433,4.319342,0.098039,0.17451,0.090196,0.056863,0.147059,0.017422,4.5146771039999996,1.419608,16.483871,8.516667,1.935484,0.016666999999999998,0.032257999999999995,0.016666999999999998,0.032257999999999995,1.466667,0.8709680000000001,2.83871,0.322581,5.629630000000001,3.9772730000000003,3.6,12.888889
3_45,0.906173,0.5694819999999999,7.714331,10.909711,0.402321,73.131853,0.5694819999999999,0.816327,32.653061,4.04061,0.108992,0.215259,0.07356900000000001,0.057221,0.13079000000000002,0.041975,5.125340598999999,1.66485,15.956522,10.485714,1.521739,0.028571,0.043477999999999996,0.0,0.0,0.942857,2.913043,1.434783,0.913043,4.447761,5.515152,4.52381,7.955556
3_46,0.900673,0.5420560000000001,8.865559,12.537792999999999,0.353648,75.735097,0.5420560000000001,0.9294120000000001,73.423529,6.059023000000001,0.14766400000000002,0.168224,0.063551,0.069159,0.13271,0.03367,4.414953271,1.451673,17.354839000000002,9.781818,1.7741939999999998,0.054545,0.096774,0.0,0.0,2.218182,1.16129,3.9354839999999998,0.741935,4.6666669999999995,5.196721,4.217391,10.888889
3_47,0.8610110000000001,0.5601659999999999,8.696114,12.298163,0.36788899999999997,78.025361,0.555556,0.797297,47.040541,4.8497699999999995,0.12369000000000001,0.218029,0.075472,0.046122,0.121593,0.057762,4.738589212,1.56701,18.538462,9.094339999999999,2.038462,0.037736,0.076923,0.018868,0.038462,1.415094,2.961538,2.884615,0.8461540000000001,5.272727,5.6666669999999995,5.863636,9.709677000000001
3_48,0.905882,0.5194810000000001,8.528029,12.060454,0.35015300000000005,69.942049,0.5194810000000001,0.8961040000000001,61.831168999999996,5.560178,0.12801500000000002,0.150278,0.079777,0.051948,0.131725,0.015125999999999999,4.313543599,1.3770790000000002,15.941176,10.226415,1.558824,0.018868,0.029412,0.0,0.0,1.471698,1.9411759999999998,2.294118,1.294118,4.727273,4.371795,4.113636,8.96
3_49,0.881849,0.518447,8.319412,11.765426,0.355197,68.55825,0.518447,0.914286,58.514286,5.408987000000001,0.12427200000000001,0.168932,0.06990299999999999,0.05436900000000001,0.12427200000000001,0.032534,4.761165049,1.4788459999999999,17.233333,9.4,1.833333,0.018182,0.033333,0.0,0.0,0.4,0.733333,0.733333,0.2,4.181818,4.090909,4.5,7.523810000000001
3_50,0.883446,0.487572,7.884503,11.150371,0.349569,61.670266000000005,0.487572,0.851351,53.635135,5.178568,0.120459,0.151052,0.07648200000000001,0.055449,0.131931,0.028716000000000002,4.340344168000001,1.501894,18.821429000000002,9.943396,1.892857,0.018868,0.035713999999999996,0.0,0.0,1.018868,0.75,1.9285709999999998,0.178571,4.7619050000000005,3.9814809999999996,5.2,9.5
3_51,0.845124,0.507901,7.559023,10.690073,0.371244,62.468157,0.506787,0.8225809999999999,41.951613,4.579935,0.11538499999999999,0.169683,0.081448,0.045249,0.126697,0.055449,4.81489842,1.575556,20.318182,7.7068970000000006,2.636364,0.068966,0.181818,0.0,0.0,1.6724139999999998,2.636364,4.409091,1.454545,4.655172,4.2268040000000004,4.25,12.575758
3_52,0.8875430000000001,0.522417,8.366833,11.832489,0.35612699999999997,69.45657299999999,0.522417,0.8426969999999999,63.202247,5.621487999999999,0.146199,0.140351,0.081871,0.037037,0.11890799999999999,0.031142000000000003,4.500974659,1.441006,18.392857,9.716981,1.892857,0.037736,0.07142899999999999,0.0,0.0,4.09434,2.25,7.75,0.75,4.809524,4.493087999999999,4.3333330000000005,15.387097
3_53,0.8954639999999999,0.501099,7.558126,10.688805,0.367212,61.549127,0.5,0.916667,50.416667,5.02079,0.121145,0.15859,0.07489,0.044052999999999995,0.11894300000000001,0.043393,5.0065934069999996,1.6558439999999999,18.28,12.694444,1.44,0.11111099999999999,0.16,0.027777999999999997,0.04,3.666667,3.24,5.28,1.24,5.555556,4.909091,5.2258059999999995,10.435897
3_54,0.897747,0.519305,8.357422999999999,11.819181,0.35464,68.914986,0.519305,0.882353,66.17647099999999,5.752237,0.144788,0.15444000000000002,0.07335900000000001,0.046332,0.119691,0.017331,4.455598456000001,1.458574,16.741935,9.611111,1.7419349999999998,0.0,0.0,0.0,0.0,1.166667,1.935484,2.032258,1.032258,4.25,4.380952,4.0625,10.875
3_55,0.8910370000000001,0.42011800000000005,6.688991000000001,9.459662,0.343511,47.817226,0.42011800000000005,0.672131,27.557377000000002,3.7119660000000003,0.080868,0.130178,0.08284,0.053253999999999996,0.136095,0.029876999999999997,4.408284023999999,1.503906,18.25,10.22,1.785714,0.04,0.07142899999999999,0.02,0.035713999999999996,2.16,2.035714,3.857143,1.607143,4.77193,4.388889,3.933333,11.774194
3_56,0.9003690000000001,0.534836,8.354405999999999,11.814915,0.363406,71.383501,0.534836,0.9464290000000001,50.160714,5.0080290000000005,0.108607,0.192623,0.06557400000000001,0.05123,0.116803,0.007379999999999999,4.3790983610000005,1.411043,21.217391,9.207547,2.304348,0.037736,0.086957,0.0,0.0,1.188679,3.5217389999999997,2.73913,0.7391300000000001,4.518519,4.650794,3.411765,7.962264
3_57,0.884106,0.45318400000000003,7.40508,10.472364,0.342683,54.919148,0.45318400000000003,0.878049,63.219512,5.622255,0.134831,0.11235999999999999,0.044944,0.052434,0.09737799999999999,0.011589,3.93258427,1.336431,16.272727,8.261538,1.969697,0.061538,0.12121199999999999,0.030769,0.06060599999999999,2.384615,2.606061,4.696969999999999,1.212121,3.77907,3.7612900000000002,3.825,13.134328
3_58,0.9266549999999999,0.472973,7.61178,10.764682,0.34871599999999997,58.315086,0.472973,0.8641979999999999,60.493827,5.499719,0.13513499999999998,0.138996,0.055985,0.032819,0.08880299999999999,0.019678,4.272200772,1.312139,24.666667,13.282051000000001,1.857143,0.05128200000000001,0.095238,0.0,0.0,2.7948720000000002,1.190476,5.190476,0.809524,4.88,4.431193,4.823529,12.208333
3_59,0.870466,0.561508,8.913662,12.605822,0.362792,79.670602,0.561508,0.833333,50.0,5.0,0.119048,0.198413,0.075397,0.051587,0.12698399999999999,0.027634,4.593253968,1.505882,20.28,7.3478259999999995,2.76,0.0,0.0,0.0,0.0,1.246377,0.76,3.44,0.88,4.842105,5.046512,3.636364,9.466667
3_60,0.904984,0.476764,8.125998,11.491896,0.336615,61.603556000000005,0.476764,0.8235290000000001,57.647059,5.368755,0.12048199999999999,0.134251,0.07056799999999999,0.039587,0.11015499999999999,0.012461,4.246127367,1.4,18.25,11.230769,1.625,0.09615399999999999,0.15625,0.0,0.0,7.365385000000001,1.6875,11.96875,1.0,4.740741000000001,4.041775,4.125,21.651163
4_01,0.892,0.565022,5.966273,8.437584,0.467233,59.107808,0.565022,0.785714,17.285714000000002,2.939874,0.09865499999999999,0.161435,0.044843,0.049326999999999996,0.09417,0.012,4.551569507,1.421525,18.666667,10.181818,1.833333,0.272727,0.5,0.0,0.0,5.181818,7.0833330000000005,9.5,2.916667,4.776471,4.535088,4.657143,11.835294000000001
4_02,0.899676,0.532374,6.276598,8.87645,0.43239399999999995,57.148878,0.532374,0.777778,16.333333,2.857738,0.07554,0.18705,0.053957000000000005,0.039568,0.093525,0.012944999999999998,4.309352518,1.378571,18.533333,10.296296,1.8,0.11111099999999999,0.2,0.0,0.0,1.111111,2.4666669999999997,2.0,0.733333,5.081081,4.133333,3.818182,6.571428999999999
4_03,0.8936879999999999,0.650558,7.544786,10.669938,0.454308,89.513116,0.650558,1.0,24.0,3.4641019999999996,0.089219,0.219331,0.09665399999999999,0.063197,0.159851,0.026577999999999997,4.73605948,1.442379,20.692307999999997,9.275862,2.230769,0.103448,0.230769,0.0,0.0,3.0,2.307692,6.692308000000001,1.0769229999999999,4.633333,4.448276,3.785714,10.615385
4_04,0.906149,0.589286,6.972523,9.860636,0.440222,71.121285,0.589286,0.909091,27.272727000000003,3.6927449999999995,0.107143,0.225,0.060714,0.032143,0.09285700000000001,0.05177999999999999,4.610714286,1.421986,21.538462,10.37037,2.076923,0.074074,0.153846,0.055555999999999994,0.11538499999999999,6.777778,10.230769,14.076923,8.461538000000001,5.015038,4.775956,4.836364,13.862069
4_05,0.891176,0.524752,6.458933,9.134311,0.42011400000000004,57.485431999999996,0.524752,0.967742,29.032258000000002,3.810004,0.09901,0.13531400000000002,0.082508,0.029702999999999997,0.11221099999999999,0.023528999999999998,4.066006601000001,1.338816,20.2,9.46875,2.1333330000000004,0.09375,0.2,0.03125,0.06666699999999999,4.15625,3.8,8.866667,1.666667,4.035088,4.330826999999999,4.08,10.648649
4_06,0.8955219999999999,0.639004,7.014508,9.920012,0.468095,81.730275,0.6375,0.875,24.5,3.5,0.116667,0.208333,0.07083300000000001,0.05416699999999999,0.125,0.033582,4.680497925,1.475,26.666666999999997,10.434783,2.555556,0.26087,0.666667,0.043477999999999996,0.11111099999999999,9.739130000000001,5.0,24.888889000000002,1.333333,4.955556,4.892857,4.75,19.107692
4_07,0.913043,0.545788,6.3766110000000005,9.01789,0.436924,59.657904,0.545788,0.8139529999999999,28.488372,3.774147,0.12820499999999999,0.18315,0.06227100000000001,0.029304000000000004,0.091575,0.040133999999999996,4.340659341,1.457875,21.0,10.111111,2.076923,0.148148,0.307692,0.074074,0.153846,7.777778,7.846153999999999,16.153845999999998,3.307692,5.372548999999999,4.733333,4.697674,12.185185
4_08,0.8684209999999999,0.611321,7.03683,9.951581,0.450883,75.87824300000001,0.609848,0.864865,27.675676,3.719924,0.12121199999999999,0.23863600000000001,0.075758,0.030302999999999997,0.10606099999999999,0.032895,4.79245283,1.5714290000000002,17.6,7.764705999999999,2.266667,0.058824,0.13333299999999998,0.0,0.0,0.941176,3.933333,2.1333330000000004,1.2,5.1525419999999995,5.53125,4.611111,7.307691999999999
4_09,0.885906,0.590909,6.789028999999999,9.601136,0.44838599999999995,69.93101,0.590909,0.9696969999999999,31.030303000000004,3.9389279999999998,0.12121199999999999,0.234848,0.064394,0.053029999999999994,0.117424,0.030201,4.848484848,1.441509,14.666667000000002,8.8,1.666667,0.06666699999999999,0.11111099999999999,0.0,0.0,3.933333,4.277778,6.555556,1.666667,5.0,4.6779660000000005,4.5,8.9
4_10,0.87055,0.669145,7.760350999999999,10.974794000000001,0.45678599999999997,96.83742099999999,0.669145,0.96875,30.03125,3.875,0.11524200000000001,0.36803,0.05948,0.033457,0.092937,0.06796100000000001,4.959107807,1.636364,20.692307999999997,9.962963,2.076923,0.0,0.0,0.0,0.0,0.592593,0.461538,1.230769,0.230769,6.3333330000000005,4.4375,3.666667,6.0
4_11,0.895623,0.56391,6.503325,9.19709,0.44322700000000004,63.22825,0.56391,0.891892,29.432432000000002,3.836172,0.12405999999999999,0.146617,0.067669,0.056391,0.12405999999999999,0.023569,4.312030075,1.398496,26.6,8.580645,3.1,0.0,0.0,0.0,0.0,0.41935500000000003,1.0,1.3,0.7,3.9,4.076923000000001,3.285714,7.6
4_12,0.876667,0.490494,5.624667,7.9544809999999995,0.432331,47.832696,0.490494,0.92,21.16,3.252691,0.087452,0.190114,0.026616,0.026616,0.053232,0.03,4.47148289,1.459259,23.909091,8.766667,2.727273,0.06666699999999999,0.181818,0.083333,0.227273,3.3,7.818182000000001,9.0,5.181818,4.930233,4.272727,3.824561,9.878788
4_13,0.9042899999999999,0.529197,6.194093,8.75977,0.433754,56.148340000000005,0.529197,0.878049,31.609756,3.975535,0.13138699999999998,0.164234,0.054745,0.029197000000000004,0.083942,0.006601,3.9489051089999996,1.301818,21.076923,10.148147999999999,2.076923,0.074074,0.153846,0.0,0.0,2.1851849999999997,3.4615379999999996,4.538462,1.461538,4.377778,4.220339,3.7368419999999998,9.107142999999999
4_14,0.8566549999999999,0.6309520000000001,7.0824229999999995,10.016059,0.460668,80.49131700000001,0.629482,0.8846149999999999,20.346154000000002,3.189526,0.091633,0.250996,0.059761,0.071713,0.131474,0.071672,4.873015873,1.580392,21.333333,8.0,2.666667,0.03125,0.083333,0.078125,0.208333,1.53125,5.0833330000000005,4.0833330000000005,3.166667,4.47541,5.061224,3.710526,8.557377
4_15,0.927798,0.560311,6.351568,8.982472999999999,0.447248,61.514667,0.560311,0.8214290000000001,18.892857,3.0735040000000002,0.089494,0.171206,0.093385,0.054475,0.14786,0.090253,4.852140078,1.638132,23.363636,12.85,1.818182,0.0,0.0,0.0,0.0,0.55,2.909091,1.0,1.545455,6.40625,6.5454550000000005,6.0,7.3684210000000006
4_16,0.924528,0.62449,6.911835000000001,9.774811,0.463658,77.540975,0.62449,0.923077,22.153845999999998,3.3282010000000004,0.097959,0.25306100000000004,0.097959,0.032652999999999995,0.13061199999999998,0.060377,4.832653061,1.616327,22.272727,11.666667,1.909091,0.0,0.0,0.0,0.0,0.47618999999999995,5.727273,0.909091,3.0,5.396825,7.8,5.0,8.733333
4_17,0.900568,0.504732,6.354412,8.986495,0.41123999999999994,54.34920699999999,0.504732,0.825,27.225,3.689512,0.104101,0.176656,0.069401,0.037855,0.10725599999999999,0.03125,5.044164038,1.6593060000000002,18.647059,9.323528999999999,2.0,0.029412,0.058824,0.0,0.0,0.941176,3.294118,1.882353,1.411765,5.232143,5.34375,4.5,7.523810000000001
4_18,0.913151,0.544715,7.398911999999999,10.463642,0.398298,66.792357,0.543478,0.811321,34.886792,4.176529,0.11684800000000001,0.163043,0.051629999999999995,0.059783,0.11141300000000001,0.019851,4.54200542,1.4565219999999999,19.368420999999998,10.823528999999999,1.7894740000000002,0.08823500000000001,0.157895,0.029412,0.052632000000000005,4.382353,5.263158,7.842105,2.7894740000000002,5.05,5.067114,5.0,14.46875
4_19,0.913924,0.5180060000000001,6.9594190000000005,9.842105,0.39720500000000003,60.01903000000001,0.5180060000000001,0.840909,31.113636,3.9442129999999995,0.102493,0.177285,0.069252,0.049861,0.11911400000000001,0.065823,4.8947368419999995,1.512397,22.5625,12.448276,1.8125,0.20689699999999997,0.375,0.0,0.0,2.689655,3.6875,4.875,1.0,4.7627120000000005,4.4102559999999995,3.875,11.0625
4_20,0.870732,0.501401,6.698907000000001,9.473685000000001,0.396086,56.234505000000006,0.501401,0.8857139999999999,27.457143,3.7052089999999995,0.086835,0.17086800000000002,0.056022,0.039216,0.095238,0.031707,4.540616246,1.42577,14.875,7.14,2.083333,0.06,0.125,0.02,0.041667,0.82,2.25,1.708333,0.833333,4.740741000000001,4.926829,4.6,7.321428999999999
4_21,0.8711479999999999,0.597444,7.474023,10.569865,0.426576,76.643427,0.594855,0.90625,26.28125,3.625,0.093248,0.254019,0.083601,0.03537,0.11897100000000001,0.044818000000000004,4.805111821000001,1.594249,23.923077,7.232558,3.307692,0.046512,0.153846,0.08139500000000001,0.269231,2.883721,14.076923,9.538461999999999,7.461538000000001,5.1147540000000005,5.177419,5.041237000000001,10.763636
4_22,0.884735,0.556338,6.629533,9.375575,0.4334,63.058308999999994,0.556338,0.755556,25.688889,3.583915,0.119718,0.165493,0.06337999999999999,0.07394400000000001,0.137324,0.037383,4.911971831000001,1.617544,15.777778,8.875,1.7777779999999999,0.0625,0.11111099999999999,0.0,0.0,0.625,1.166667,1.111111,0.44444399999999995,4.809524,3.9,3.875,8.571429
4_23,0.894286,0.597444,7.474023,10.569865,0.426576,76.643427,0.597444,0.9285709999999999,24.142857,3.474396,0.083067,0.233227,0.092652,0.031949,0.124601,0.017143000000000002,4.450479233,1.363057,19.5625,8.942857,2.1875,0.0,0.0,0.0,0.0,0.342857,3.9375,0.75,0.8125,4.777778,4.8333330000000005,4.538462,8.482759
4_24,0.897143,0.535032,6.703930000000001,9.480788,0.41717299999999996,60.56320600000001,0.535032,0.918919,31.243243,3.9524199999999996,0.10828,0.16242,0.082803,0.028662,0.11146500000000001,0.031429,4.312101911,1.401274,22.428570999999998,8.722222,2.571429,0.11111099999999999,0.28571399999999997,0.027777999999999997,0.07142899999999999,2.305556,2.857143,5.928571,0.9285709999999999,4.125,4.409639,4.153846,12.131148
4_25,0.9107139999999999,0.551471,7.876575,11.13916,0.38684,71.106585,0.551471,0.9,40.5,4.5,0.110294,0.193627,0.073529,0.044118,0.117647,0.046875,4.620098039,1.529412,24.0,11.657143,2.058824,0.171429,0.352941,0.0,0.0,5.0,10.470588000000001,10.294118,4.529412000000001,5.174157,4.96,4.532468,13.570093
4_26,0.904651,0.524422,7.313753999999999,10.343211,0.389007,63.215332999999994,0.524422,0.818182,29.454545,3.8376129999999997,0.092545,0.169666,0.069409,0.066838,0.136247,0.018605,4.488431877,1.419023,27.785714000000002,9.261905,3.0,0.214286,0.642857,0.13095199999999999,0.392857,6.6666669999999995,15.214285999999998,20.0,8.285714,5.103286,5.075,5.0,13.337209
4_27,0.8733620000000001,0.562963,8.011103,11.329411,0.389219,74.019852,0.56,0.9107139999999999,46.446428999999995,4.819047,0.1275,0.26,0.065,0.02,0.085,0.0131,4.664197531,1.356608,19.047619,8.333333,2.285714,0.041667,0.095238,0.0,0.0,1.083333,5.904762,2.4761900000000003,3.285714,4.427419,3.8269230000000003,4.014493,9.457627
4_28,0.925659,0.520725,7.234147999999999,10.230630999999999,0.389428,62.182061,0.520725,0.972973,35.027027000000004,4.184915,0.093264,0.178756,0.07772000000000001,0.033679,0.111399,0.038369,4.603626943,1.469231,42.888889,14.296296,3.0,0.11111099999999999,0.333333,0.055555999999999994,0.166667,0.814815,13.222222,2.444444,5.222222,5.016807,4.772727,4.765957,11.238095
4_29,0.8578950000000001,0.589666,7.562907000000001,10.695566,0.418997,75.795794,0.5858899999999999,0.916667,30.25,3.8890870000000004,0.101227,0.260736,0.067485,0.033742,0.101227,0.015788999999999997,4.656534954,1.474006,20.375,7.7619050000000005,2.625,0.0,0.0,0.0,0.0,1.52381,5.375,4.0,2.0625,5.1395349999999995,5.34375,4.727273,8.0
4_30,0.901408,0.516796,7.188852000000001,10.166571000000001,0.388559,61.353041000000005,0.513021,0.942857,31.114286,3.944254,0.085938,0.208333,0.091146,0.044271,0.135417,0.044601,4.788113695,1.512821,27.428571,12.8,2.142857,0.0,0.0,0.05,0.107143,5.466667,15.5,11.714286,11.285714,4.834101,4.548780000000001,4.462025,12.138614
4_31,0.857798,0.526738,7.2030330000000005,10.186627,0.394127,62.816826,0.526738,0.9,32.4,4.024922,0.09625700000000001,0.187166,0.072193,0.048128,0.120321,0.055046000000000005,4.63368984,1.47861,17.809524,6.338983,2.809524,0.016949000000000002,0.047619,0.016949000000000002,0.047619,1.610169,2.238095,4.52381,1.2380950000000002,6.042553,4.715789,4.846154,9.890908999999999
4_32,0.9020040000000001,0.562963,8.011103,11.329411,0.389219,74.019852,0.562963,0.977273,42.022727,4.583815,0.106173,0.21975300000000003,0.074074,0.046914,0.12098800000000001,0.040089,4.960493827,1.619512,23.823529,10.384615,2.294118,0.0,0.0,0.05128200000000001,0.117647,2.076923,8.117647,4.764705999999999,5.0,5.65942,5.54321,5.482353,8.481928
4_33,0.8742,0.56691,8.126808,11.493041999999999,0.387912,75.53101,0.565854,0.9,32.4,4.024922,0.087805,0.23170700000000002,0.10243900000000002,0.031707,0.13414600000000002,0.038380000000000004,4.800486618,1.586797,20.4,11.027027,1.85,0.054054,0.1,0.054054,0.1,2.27027,6.6,4.2,1.85,4.992424,4.904762,4.351351,10.126582
4_34,0.91455,0.492424,6.929023,9.799119000000001,0.382283,56.624212,0.492424,0.764706,29.823528999999997,3.861575,0.098485,0.131313,0.088384,0.04798,0.136364,0.020784999999999998,4.712121212,1.521411,24.75,11.0,2.25,0.22222199999999998,0.5,0.138889,0.3125,5.055556,6.0625,11.375,2.9375,5.092784,4.3241760000000005,4.893617,14.426229999999999
4_35,0.8506020000000001,0.5303869999999999,7.135624000000001,10.091296,0.39865700000000004,62.884190000000004,0.518414,0.875,24.5,3.5,0.07932,0.192635,0.096317,0.036827,0.133144,0.036145,4.466850829,1.477778,15.347826000000001,9.540541000000001,1.608696,0.13513499999999998,0.21739099999999997,0.0,0.0,4.675676,6.782609,7.521739,3.043478,4.25,4.849711,4.457143,9.95082
4_36,0.917293,0.42076499999999994,5.692004,8.049709,0.379841,42.281704,0.42076499999999994,0.680851,21.787233999999998,3.3005480000000005,0.08743200000000001,0.13114800000000001,0.054645000000000006,0.032787000000000004,0.08743200000000001,0.067669,4.852459016,1.6120219999999998,18.3,10.764706,1.7,0.029412,0.05,0.0,0.0,2.823529,2.2,4.8,1.75,4.772727,4.8645830000000005,4.742857,9.244444
4_37,0.8825620000000001,0.48893400000000004,7.707492,10.900039999999999,0.355476,60.838285,0.487903,0.808511,30.723404,3.919401,0.076613,0.15120999999999998,0.076613,0.060484,0.137097,0.040925,4.30583501,1.391129,22.545455,8.266667,2.727273,0.016666999999999998,0.045455,0.0,0.0,0.8,1.590909,2.181818,0.772727,4.571429,4.25,3.705882,8.486486
4_38,0.896725,0.5444439999999999,7.304489,10.330107,0.40133,66.105198,0.539326,0.77551,29.469388000000002,3.8385800000000003,0.106742,0.162921,0.103933,0.047753,0.151685,0.04534,4.780555556,1.544944,16.952381,9.621622,1.7619049999999998,0.108108,0.190476,0.081081,0.14285699999999998,6.72973,9.142857000000001,11.857142999999999,4.714286,5.7239580000000005,4.273092,5.272727,10.409938
4_39,0.876569,0.579952,8.394296,11.871327,0.387152,79.90214399999999,0.579952,0.9516129999999999,56.145161,5.298356,0.140811,0.186158,0.054893,0.047733,0.102625,0.020921000000000002,4.548926014,1.417661,23.277778,7.618182000000001,3.055556,0.163636,0.5,0.045455,0.138889,3.3090910000000004,8.722222,10.111111,1.7222220000000001,4.292994,4.093407,3.774194,12.825397
4_40,0.86911,0.48494,6.248012,8.836022999999999,0.402336,51.471333,0.48494,0.896552,23.310345,3.413967,0.078313,0.180723,0.07530099999999999,0.030119999999999997,0.105422,0.031414,4.5451807230000005,1.4984979999999999,25.538462,9.485714,2.692308,0.028571,0.076923,0.07142899999999999,0.19230799999999998,5.685714,19.461538,15.307692000000001,9.307692,4.98419,4.693467,4.636364,10.80315
4_41,0.9127629999999999,0.502655,8.44849,11.94797,0.342862,66.929751,0.502655,0.8787879999999999,50.969697,5.048252,0.102655,0.14513299999999998,0.099115,0.05840700000000001,0.157522,0.040388,4.76460177,1.545133,23.541667,11.3,2.083333,0.08,0.166667,0.03,0.0625,4.18,4.7083330000000005,8.708333,1.916667,5.0,4.712919,4.5434779999999995,13.655172
4_42,0.8858219999999999,0.38755300000000004,7.286616,10.304831,0.304558,47.953542999999996,0.38668600000000003,0.673913,41.782609,4.570701000000001,0.08781900000000001,0.12606199999999998,0.053824000000000004,0.032577999999999996,0.08640199999999999,0.015056,4.280056577,1.296034,16.809524,8.022727,2.095238,0.022727,0.047619,0.0,0.0,0.875,1.47619,1.833333,0.738095,5.145161,4.402597,4.483871,8.354839
4_43,0.8857139999999999,0.487437,8.421527000000001,11.909837,0.334985,64.61984,0.480475,0.836364,38.472727,4.385928,0.078098,0.173175,0.062818,0.06451599999999999,0.127334,0.040602,4.757118928,1.574576,25.608696,9.349206,2.73913,0.22222199999999998,0.608696,0.015872999999999998,0.043477999999999996,5.587301999999999,12.391304,15.304348000000001,6.695652000000001,5.052632,4.869318,4.75974,14.126214000000001
4_44,0.909459,0.42644899999999997,7.822748,11.063037,0.314734,54.219381999999996,0.42644899999999997,0.741935,34.129032,4.130922,0.068351,0.15601800000000002,0.081724,0.029718,0.11144100000000001,0.05810800000000001,4.627043091,1.564444,23.206897,10.19697,2.275862,0.015152,0.034483,0.030302999999999997,0.068966,1.530303,3.310345,3.4827589999999997,1.310345,5.9583330000000005,5.49505,5.315789,8.425532
4_45,0.904437,0.482109,7.855569999999999,11.109454,0.34717,60.803630000000005,0.48113199999999995,0.803279,39.360656,4.436252,0.092453,0.149057,0.073585,0.058490999999999994,0.132075,0.061433,4.70433145,1.59322,18.928570999999998,9.636364,1.964286,0.054545,0.107143,0.036364,0.07142899999999999,1.854545,2.535714,3.642857,1.25,5.6619720000000004,4.882353,4.885714,8.809524
4_46,0.8867360000000001,0.470588,8.116794,11.478881,0.333268,60.770075,0.470588,0.8387100000000001,43.612903,4.669738,0.087395,0.17647100000000002,0.07899199999999999,0.048739,0.12773099999999998,0.034276999999999995,4.465546218,1.458194,17.0,8.880597,1.9142860000000002,0.059701,0.11428599999999998,0.044775999999999996,0.085714,3.41791,4.742857,6.542857,1.542857,4.801205,4.50655,4.222222,9.904110000000001
4_47,0.88092,0.536098,9.672081,13.678388,0.331067,79.331475,0.536098,0.863014,54.369863,5.2139169999999995,0.096774,0.227343,0.079877,0.049155000000000004,0.12903199999999998,0.043302,4.720430108,1.539634,17.594595,8.797297,2.0,0.081081,0.162162,0.0,0.0,2.972973,5.783784,5.945946,2.864865,5.018692,4.4,4.462264,12.489796
4_48,0.845266,0.5570649999999999,7.5564,10.686364,0.400321,69.868076,0.5546449999999999,0.864865,27.675676,3.719924,0.08743200000000001,0.199454,0.090164,0.040984,0.13114800000000001,0.076212,4.7798913039999995,1.52957,17.428570999999998,8.133333,2.142857,0.177778,0.380952,0.055555999999999994,0.119048,5.288889,5.52381,11.333333,2.0,5.637931,5.092437,6.0,12.307692
